review_id,customer_id,project_id,review_date,rating,feedback,review_status,would_recommend
1,CUS000541,PROJ02765,25-02-2024,2,Professional team.,Pending,Maybe
2,CUS002118,PROJ03567,13-04-2025,2,Excellent workmanship.,Pending,No
3,CUS001179,PROJ02585,08-10-2025,5,Excellent workmanship.,Pending,No
4,CUS004225,PROJ02176,02-08-2024,2,Good value.,Published,YES
5,CUS002162,PROJ00028,21-09-2025,4,Good value.,Pending,NO
6,CUS002100,PROJ02192,05-01-2024,3,Excellent workmanship.,PUBLISHED,Maybe
7,CUS003490,PROJ03407,14-07-2024,2,Loved the final outcome.,PUBLISHED,No
8,CUS003486,PROJ02736,12-05-2024,5,Professional team.,published,Yes
9,CUS003584,PROJ01082,16-02-2024,4,null,pending,Maybe
10,CUS004910,PROJ00246,20-06-2025,2,Professional team.,Pending,No
11,CUS001099,PROJ02609,11-07-2024,4,Excellent workmanship.,published,YES
12,CUS004750,PROJ04507,14-05-2024,5,Could improve communication.,published,Yes
13,CUS002758,PROJ01553,01-10-2025,4,Good value.,PUBLISHED,Maybe
14,CUS004530,PROJ03449,30-09-2025,1,null,Published,Yes
15,CUS003563,PROJ02836,02-19-2024,4,Good value.,Published,Maybe
16,CUS004481,PROJ04455,15-09-2024,2,null,Published,No
17,CUS001380,PROJ02241,03-06-2025,5,Professional team.,pending,Maybe
18,CUS001908,PROJ00366,20-05-2024,2,Could improve communication.,pending,Yes
19,CUS001547,PROJ01402,16-10-2024,4,Loved the final outcome.,pending,YES
20,CUS004225,PROJ00072,09-26-2024,3,null,Pending,No
21,CUS004714,PROJ03056,13-06-2024,2,null,Pending,No
22,CUS000868,PROJ01333,28-08-2024,null,Excellent workmanship.,Published,Maybe
23,CUS000568,PROJ01651,16-11-2025,2,Could improve communication.,Published,Yes
24,CUS002487,PROJ01942,09-19-2024,3,Professional team.,Pending,Yes
25,CUS002511,PROJ00614,12-04-2024,3,Professional team.,PUBLISHED,NO
26,CUS004301,PROJ00601,28-04-2024,5,Excellent workmanship.,published,YES
27,CUS001515,PROJ00002,02-12-2024,5,Professional team.,Published,No
28,CUS004815,PROJ02863,16-12-2024,4,Good value.,PUBLISHED,NO
29,CUS004901,PROJ02705,04-05-2025,2,Excellent workmanship.,published,Yes
30,CUS003869,PROJ02193,12-06-2024,5,Good value.,pending,NO
31,CUS002267,PROJ03915,07-04-2024,3,Could improve communication.,Published,YES
32,CUS001234,PROJ03280,09-05-2025,4,Good value.,Published,Yes
33,CUS004886,PROJ04844,09-24-2024,5,null,pending,Maybe
34,CUS004040,PROJ03697,08-17-2024,5,Could improve communication.,pending,Yes
35,CUS000675,PROJ03809,03-19-2025,4,Professional team.,Pending,YES
36,CUS003064,PROJ04495,07-25-2025,null,null,published,Maybe
37,CUS002972,PROJ04427,25-04-2025,3,Good value.,PUBLISHED,YES
38,CUS001304,PROJ00988,04-12-2024,null,Loved the final outcome.,pending,NO
39,CUS002086,PROJ00301,16-02-2025,null,Good value.,pending,NO
40,CUS000076,PROJ04089,31-03-2024,3,Good value.,Published,Yes
41,CUS002666,PROJ03861,17-02-2025,null,Could improve communication.,Published,Yes
42,CUS004068,PROJ01502,09-10-2025,5,Could improve communication.,published,NO
43,CUS003388,PROJ04852,15-12-2024,2,Good value.,PUBLISHED,Maybe
44,CUS004898,PROJ03188,09-26-2025,3,null,Pending,Yes
45,CUS003292,PROJ04989,04-09-2024,3,Professional team.,PUBLISHED,Maybe
46,CUS000237,PROJ02673,18-06-2025,5,Loved the final outcome.,Pending,YES
47,CUS001375,PROJ03011,23-02-2025,2,Loved the final outcome.,Published,NO
48,CUS002166,PROJ00449,08-08-2024,2,null,PUBLISHED,Yes
49,CUS000850,PROJ02781,28-02-2025,5,Excellent workmanship.,Pending,NO
50,CUS003559,PROJ03432,11-05-2025,2,Good value.,Published,Maybe
51,CUS004035,PROJ03937,02-19-2024,5,Good value.,pending,YES
52,CUS001068,PROJ03660,15-08-2025,2,Excellent workmanship.,Pending,Maybe
53,CUS004876,PROJ02939,12-09-2025,4,Good value.,pending,YES
54,CUS003882,PROJ00034,07-10-2024,3,Good value.,published,YES
55,CUS002200,PROJ02467,02-26-2025,5,Professional team.,pending,No
56,CUS004450,PROJ03297,07-20-2025,2,Could improve communication.,PUBLISHED,No
57,CUS001949,PROJ02904,19-11-2025,2,Could improve communication.,pending,No
58,CUS002082,PROJ02689,28-04-2024,5,Could improve communication.,Pending,Maybe
59,CUS002794,PROJ03495,19-10-2024,5,Excellent workmanship.,Published,NO
60,CUS004994,PROJ02838,28-05-2024,2,Professional team.,published,No
61,CUS001652,PROJ01762,30-11-2025,1,null,PUBLISHED,YES
62,CUS002910,PROJ03350,08-07-2025,4,Excellent workmanship.,pending,Maybe
63,CUS003571,PROJ00603,08-17-2024,4,Loved the final outcome.,pending,No
64,CUS000583,PROJ00184,11-11-2025,4,Good value.,PUBLISHED,Maybe
65,CUS000955,PROJ04026,25-02-2024,2,Could improve communication.,Pending,YES
66,CUS001406,PROJ02908,10-10-2025,3,Could improve communication.,pending,Maybe
67,CUS001321,PROJ03716,07-20-2024,3,Good value.,published,Yes
68,CUS000724,PROJ03628,10-07-2024,3,Good value.,Published,NO
69,CUS001086,PROJ04069,10-12-2024,2,Could improve communication.,PUBLISHED,Yes
70,CUS002824,PROJ04600,04-12-2024,2,Excellent workmanship.,published,No
71,CUS004184,PROJ04956,03-09-2025,5,null,PUBLISHED,NO
72,CUS001092,PROJ02334,08-09-2025,3,Could improve communication.,published,YES
73,CUS002460,PROJ00864,17-06-2025,2,Good value.,pending,Maybe
74,CUS003927,PROJ02948,17-02-2025,2,null,PUBLISHED,No
75,CUS002038,PROJ02111,04-01-2025,5,Could improve communication.,Pending,Maybe
76,CUS002380,PROJ04918,26-10-2025,3,Good value.,published,Maybe
77,CUS004351,PROJ04004,28-09-2025,3,Good value.,Published,NO
78,CUS003911,PROJ04228,09-19-2024,2,Could improve communication.,PUBLISHED,Maybe
79,CUS003162,PROJ02817,04-06-2025,3,null,published,No
80,CUS003474,PROJ02614,10-06-2025,2,Could improve communication.,pending,Yes
81,CUS004480,PROJ04799,03-10-2025,2,null,Pending,Yes
82,CUS001251,PROJ01601,07-29-2024,4,null,Published,YES
83,CUS001362,PROJ01949,25-01-2024,5,Excellent workmanship.,Published,Yes
84,CUS000155,PROJ00644,01-07-2024,5,Loved the final outcome.,PUBLISHED,NO
85,CUS003847,PROJ03412,01-02-2025,4,Professional team.,Published,NO
86,CUS002670,PROJ02945,20-11-2025,5,Excellent workmanship.,pending,Yes
87,CUS003569,PROJ01712,15-03-2024,4,Professional team.,PUBLISHED,Maybe
88,CUS002189,PROJ03453,29-03-2024,4,Good value.,Pending,Yes
89,CUS004776,PROJ01662,30-04-2025,2,null,Pending,Maybe
90,CUS003238,PROJ04333,10-29-2024,3,Excellent workmanship.,pending,Maybe
91,CUS000180,PROJ00227,24-05-2024,null,Could improve communication.,pending,NO
92,CUS003064,PROJ04495,07-04-2025,3,Loved the final outcome.,PUBLISHED,YES
93,CUS004545,PROJ04259,02-26-2025,2,Loved the final outcome.,published,YES
94,CUS000456,PROJ04917,23-09-2025,2,null,pending,Yes
95,CUS004962,PROJ02376,16-07-2025,4,Professional team.,Published,No
96,CUS001162,PROJ02529,10-04-2024,4,Professional team.,PUBLISHED,YES
97,CUS000877,PROJ01818,11-18-2025,3,Could improve communication.,Published,YES
98,CUS003462,PROJ00226,21-11-2024,5,null,PUBLISHED,Maybe
99,CUS004512,PROJ01035,06-05-2024,3,Good value.,published,Yes
100,CUS003723,PROJ00790,16-11-2024,4,Professional team.,PUBLISHED,YES
101,CUS000294,PROJ01719,11-26-2025,4,Good value.,Pending,No
102,CUS004606,PROJ03725,08-11-2024,2,null,pending,Yes
103,CUS001536,PROJ00403,14-10-2024,2,Professional team.,Published,Yes
104,CUS003537,PROJ03571,01-20-2024,5,Could improve communication.,Pending,Maybe
105,CUS000308,PROJ04794,05-08-2024,5,Could improve communication.,Pending,YES
106,CUS000790,PROJ03768,09-01-2025,5,null,PUBLISHED,YES
107,CUS003089,PROJ00565,04-20-2025,4,Professional team.,pending,Yes
108,CUS004901,PROJ02705,09-11-2025,5,null,published,Maybe
109,CUS003624,PROJ01742,23-05-2024,5,Could improve communication.,published,NO
110,CUS002189,PROJ03453,02-01-2025,4,Loved the final outcome.,Published,No
111,CUS003597,PROJ00961,13-01-2025,null,Loved the final outcome.,pending,No
112,CUS003031,PROJ00625,01-02-2025,4,Excellent workmanship.,PUBLISHED,Yes
113,CUS000100,PROJ01360,06-17-2025,3,Could improve communication.,pending,Maybe
114,CUS001576,PROJ01799,27-06-2024,3,Could improve communication.,Published,Maybe
115,CUS002897,PROJ04729,14-09-2024,2,Could improve communication.,Pending,No
116,CUS004579,PROJ03380,19-12-2024,5,Excellent workmanship.,pending,YES
117,CUS004201,PROJ02472,26-03-2025,5,null,PUBLISHED,YES
118,CUS003937,PROJ02756,02-06-2024,5,null,Published,YES
119,CUS000135,PROJ03237,28-02-2025,4,null,Pending,NO
120,CUS002668,PROJ02644,08-03-2024,4,Excellent workmanship.,published,Yes
121,CUS003225,PROJ01497,05-10-2024,2,null,pending,Yes
122,CUS003255,PROJ00332,09-08-2025,null,Professional team.,published,Maybe
123,CUS003491,PROJ02649,02-19-2025,1,null,PUBLISHED,Yes
124,CUS003732,PROJ00501,09-08-2024,4,Good value.,published,YES
125,CUS004814,PROJ04355,02-24-2025,5,Loved the final outcome.,pending,Maybe
126,CUS003167,PROJ00728,27-09-2024,3,Good value.,pending,Maybe
127,CUS002392,PROJ00059,11-03-2024,2,Excellent workmanship.,Published,YES
128,CUS000025,PROJ03545,06-19-2025,2,Could improve communication.,Published,YES
129,CUS001352,PROJ01694,05-02-2025,5,Could improve communication.,Published,Yes
130,CUS001601,PROJ02071,05-08-2025,5,Could improve communication.,Published,NO
131,CUS000439,PROJ03468,18-06-2025,1,null,pending,NO
132,CUS001427,PROJ00939,22-08-2024,4,Professional team.,pending,Maybe
133,CUS004012,PROJ00824,10-04-2024,4,Loved the final outcome.,Published,No
134,CUS001030,PROJ03541,09-04-2025,2,Excellent workmanship.,Published,Maybe
135,CUS002702,PROJ01175,19-06-2025,4,null,published,No
136,CUS003097,PROJ00941,22-02-2025,4,null,pending,No
137,CUS003061,PROJ02173,09-24-2024,3,Could improve communication.,PUBLISHED,NO
138,CUS004696,PROJ02095,27-07-2024,5,Good value.,published,No
139,CUS001449,PROJ03881,07-26-2025,3,Could improve communication.,PUBLISHED,NO
140,CUS004474,PROJ01914,05-21-2024,2,Good value.,published,Yes
141,CUS003085,PROJ02889,08-07-2024,3,Could improve communication.,pending,Yes
142,CUS001183,PROJ01895,13-06-2024,5,Excellent workmanship.,published,NO
143,CUS002298,PROJ01456,06-09-2025,3,Loved the final outcome.,PUBLISHED,Yes
144,CUS003862,PROJ04632,15-09-2025,4,Could improve communication.,pending,No
145,CUS000770,PROJ04043,03-09-2025,2,null,Pending,NO
146,CUS003826,PROJ03987,11-01-2024,5,Professional team.,published,Yes
147,CUS001076,PROJ04736,09-05-2025,2,Could improve communication.,published,Yes
148,CUS000038,PROJ02940,03-01-2025,2,Excellent workmanship.,PUBLISHED,NO
149,CUS000720,PROJ04651,12-27-2024,5,Loved the final outcome.,pending,Yes
150,CUS004216,PROJ04828,11-03-2024,5,Could improve communication.,PUBLISHED,No
151,CUS001680,PROJ00844,10-10-2024,2,Good value.,Pending,Maybe
152,CUS003477,PROJ00948,05-01-2024,5,Excellent workmanship.,pending,Yes
153,CUS003515,PROJ01147,30-05-2025,2,Could improve communication.,PUBLISHED,Maybe
154,CUS001644,PROJ03814,11-08-2025,4,Could improve communication.,Pending,YES
155,CUS002631,PROJ04859,13-12-2024,5,Excellent workmanship.,Pending,Yes
156,CUS002702,PROJ02798,21-09-2024,2,null,published,No
157,CUS003956,PROJ01693,26-02-2025,1,null,PUBLISHED,YES
158,CUS004105,PROJ00779,21-10-2024,3,Excellent workmanship.,pending,YES
159,CUS003049,PROJ04594,02-05-2025,5,Professional team.,published,YES
160,CUS001636,PROJ00121,05-25-2025,2,Professional team.,published,YES
161,CUS003772,PROJ03904,26-07-2024,3,Loved the final outcome.,Published,Yes
162,CUS002843,PROJ01673,03-21-2024,4,Could improve communication.,Published,Maybe
163,CUS003283,PROJ01081,13-02-2024,3,Good value.,pending,No
164,CUS000596,PROJ00884,17-05-2025,5,Professional team.,Pending,YES
165,CUS000019,PROJ04027,13-08-2025,null,Good value.,Pending,Maybe
166,CUS003612,PROJ03281,02-03-2024,2,Good value.,Published,Maybe
167,CUS002938,PROJ00152,16-04-2025,1,null,published,NO
168,CUS002792,PROJ01243,17-08-2025,5,Professional team.,published,Maybe
169,CUS000371,PROJ02748,26-09-2024,5,Professional team.,PUBLISHED,YES
170,CUS001737,PROJ01002,25-05-2025,3,Professional team.,Pending,No
171,CUS001200,PROJ03183,06-04-2025,5,null,published,Yes
172,CUS002777,PROJ04721,03-10-2024,4,Loved the final outcome.,published,YES
173,CUS002838,PROJ02392,29-04-2025,4,Loved the final outcome.,pending,Maybe
174,CUS000526,PROJ01772,19-11-2024,5,Could improve communication.,Published,NO
175,CUS004293,PROJ01844,04-11-2024,2,Professional team.,Pending,Yes
176,CUS000202,PROJ01334,04-05-2025,3,Professional team.,pending,Maybe
177,CUS000505,PROJ04312,20-09-2024,null,Excellent workmanship.,PUBLISHED,Maybe
178,CUS003481,PROJ03732,07-22-2024,5,Loved the final outcome.,PUBLISHED,No
179,CUS004293,PROJ01844,11-28-2024,4,Excellent workmanship.,Pending,Maybe
180,CUS004955,PROJ03684,20-10-2024,2,Loved the final outcome.,PUBLISHED,NO
181,CUS003170,PROJ04315,10-08-2025,5,Excellent workmanship.,published,No
182,CUS003927,PROJ02735,21-08-2024,3,null,PUBLISHED,Maybe
183,CUS001887,PROJ01107,22-10-2025,4,Professional team.,pending,Maybe
184,CUS000722,PROJ00053,06-04-2025,5,Loved the final outcome.,published,No
185,CUS000003,PROJ00013,22-03-2024,5,Excellent workmanship.,Published,NO
186,CUS002586,PROJ00691,15-07-2025,null,Good value.,pending,Yes
187,CUS002708,PROJ03428,16-04-2024,1,null,Pending,No
188,CUS004460,PROJ00746,22-08-2024,4,null,published,YES
189,CUS002447,PROJ04585,23-06-2025,null,null,PUBLISHED,No
190,CUS002298,PROJ00951,02-05-2025,5,Professional team.,pending,NO
191,CUS002105,PROJ03463,05-18-2024,5,Could improve communication.,Pending,Maybe
192,CUS000285,PROJ01696,03-21-2025,5,Professional team.,PUBLISHED,NO
193,CUS003974,PROJ02188,06-07-2025,4,Professional team.,PUBLISHED,NO
194,CUS003678,PROJ00675,23-09-2024,2,Could improve communication.,published,No
195,CUS002793,PROJ01289,20-10-2024,4,Good value.,PUBLISHED,Yes
196,CUS003022,PROJ04896,16-03-2025,2,Could improve communication.,PUBLISHED,YES
197,CUS004416,PROJ00433,02-25-2025,2,Loved the final outcome.,Pending,NO
198,CUS001606,PROJ00507,13-08-2024,null,null,published,Maybe
199,CUS004121,PROJ04457,09-19-2025,3,null,pending,No
200,CUS003097,PROJ03020,26-02-2025,2,Loved the final outcome.,PUBLISHED,Yes
201,CUS001243,PROJ03169,14-10-2025,3,null,pending,NO
202,CUS003142,PROJ03234,11-07-2024,null,Excellent workmanship.,pending,Yes
203,CUS002016,PROJ01279,09-07-2024,2,null,Pending,Yes
204,CUS003874,PROJ04775,26-08-2024,4,Loved the final outcome.,PUBLISHED,NO
205,CUS004105,PROJ00779,15-11-2024,4,null,Published,No
206,CUS002588,PROJ01760,23-03-2024,null,Good value.,Published,Maybe
207,CUS002524,PROJ03967,26-04-2025,3,Good value.,Published,Yes
208,CUS004757,PROJ01842,11-09-2024,4,Loved the final outcome.,Published,YES
209,CUS004538,PROJ03009,04-16-2025,5,null,published,NO
210,CUS003217,PROJ00962,02-02-2025,3,Loved the final outcome.,Published,Maybe
211,CUS003450,PROJ03392,17-06-2025,3,Loved the final outcome.,PUBLISHED,Yes
212,CUS004325,PROJ01095,13-11-2025,2,null,Pending,No
213,CUS001822,PROJ04203,16-01-2024,5,Excellent workmanship.,Pending,YES
214,CUS002382,PROJ03067,10-01-2024,4,null,pending,YES
215,CUS002452,PROJ03334,15-01-2025,4,Excellent workmanship.,pending,No
216,CUS001103,PROJ01783,02-10-2025,null,null,published,Maybe
217,CUS003100,PROJ00554,19-04-2024,3,Could improve communication.,PUBLISHED,NO
218,CUS000199,PROJ01857,16-07-2024,3,null,published,No
219,CUS001559,PROJ04745,10-02-2024,5,Professional team.,pending,NO
220,CUS003806,PROJ04456,07-13-2024,3,Professional team.,Pending,No
221,CUS001067,PROJ00255,09-05-2025,5,Loved the final outcome.,Pending,No
222,CUS002242,PROJ01259,09-26-2024,1,null,pending,NO
223,CUS002880,PROJ04644,08-07-2024,3,Could improve communication.,published,No
224,CUS000753,PROJ03006,03-05-2024,4,Loved the final outcome.,pending,NO
225,CUS001822,PROJ04203,18-07-2025,3,Good value.,PUBLISHED,Yes
226,CUS001958,PROJ04860,04-08-2024,5,Loved the final outcome.,published,Yes
227,CUS003617,PROJ03264,25-07-2024,1,Excellent workmanship.,pending,NO
228,CUS003094,PROJ04576,04-11-2025,5,Professional team.,Published,No
229,CUS000631,PROJ04177,08-14-2024,5,Loved the final outcome.,Pending,Yes
230,CUS000410,PROJ01908,04-24-2025,null,Could improve communication.,Pending,No
231,CUS000155,PROJ01597,02-29-2024,1,null,Published,No
232,CUS004968,PROJ02895,20-03-2024,5,Excellent workmanship.,published,Maybe
233,CUS000827,PROJ01596,29-01-2025,2,Could improve communication.,published,Maybe
234,CUS001726,PROJ02440,25-07-2025,5,Professional team.,Pending,NO
235,CUS003219,PROJ00589,16-04-2024,5,Good value.,pending,No
236,CUS004076,PROJ04687,04-11-2025,5,Good value.,PUBLISHED,No
237,CUS001195,PROJ03066,17-07-2025,4,null,Pending,No
238,CUS003154,PROJ00953,15-09-2025,2,Good value.,pending,No
239,CUS004209,PROJ00983,03-01-2025,4,Excellent workmanship.,Published,No
240,CUS000669,PROJ02014,02-09-2025,3,Excellent workmanship.,PUBLISHED,YES
241,CUS001665,PROJ00305,07-08-2024,null,null,PUBLISHED,Maybe
242,CUS002012,PROJ01554,06-07-2025,5,Loved the final outcome.,Published,Yes
243,CUS001143,PROJ03598,16-04-2025,3,Professional team.,pending,YES
244,CUS000058,PROJ03085,26-08-2024,3,Could improve communication.,Pending,Maybe
245,CUS002960,PROJ01871,08-10-2024,null,Professional team.,Pending,YES
246,CUS001717,PROJ00096,05-14-2025,3,Could improve communication.,PUBLISHED,Yes
247,CUS000298,PROJ04301,13-08-2025,null,Excellent workmanship.,PUBLISHED,No
248,CUS001672,PROJ02056,20-03-2025,5,Loved the final outcome.,pending,Yes
249,CUS004935,PROJ02861,10-11-2025,3,Could improve communication.,Published,No
250,CUS003421,PROJ02676,07-06-2025,5,null,published,YES
251,CUS004233,PROJ02215,02-21-2024,4,Good value.,pending,Maybe
252,CUS002910,PROJ03350,31-05-2025,3,Good value.,published,YES
253,CUS004705,PROJ01097,10-12-2024,3,Could improve communication.,Pending,No
254,CUS002876,PROJ04949,28-03-2024,2,Loved the final outcome.,Pending,Maybe
255,CUS000151,PROJ00098,21-07-2024,5,Loved the final outcome.,pending,Maybe
256,CUS001133,PROJ00632,20-06-2025,3,Good value.,PUBLISHED,Maybe
257,CUS001617,PROJ04970,01-04-2024,4,Professional team.,PUBLISHED,YES
258,CUS004355,PROJ01283,24-11-2024,4,Professional team.,published,No
259,CUS003190,PROJ00895,23-09-2025,4,Excellent workmanship.,published,YES
260,CUS001759,PROJ04289,17-01-2025,5,Excellent workmanship.,Published,YES
261,CUS001155,PROJ00722,27-09-2025,3,Excellent workmanship.,PUBLISHED,Yes
262,CUS001979,PROJ03531,08-11-2024,3,Loved the final outcome.,pending,YES
263,CUS001334,PROJ02835,07-27-2024,3,Could improve communication.,Pending,Maybe
264,CUS002474,PROJ02690,05-24-2024,4,Good value.,pending,Maybe
265,CUS004327,PROJ02832,14-02-2024,3,Loved the final outcome.,pending,No
266,CUS001431,PROJ02269,24-02-2024,5,Excellent workmanship.,Pending,No
267,CUS002397,PROJ00498,11-09-2025,5,Excellent workmanship.,PUBLISHED,NO
268,CUS000903,PROJ02293,24-08-2024,5,Professional team.,Pending,Maybe
269,CUS003395,PROJ00318,28-06-2025,5,Good value.,pending,Yes
270,CUS003513,PROJ00843,10-02-2024,3,Professional team.,Pending,NO
271,CUS002507,PROJ02261,09-06-2024,3,Professional team.,PUBLISHED,YES
272,CUS004232,PROJ00216,28-05-2025,3,Good value.,Published,Maybe
273,CUS000155,PROJ03602,13-10-2024,4,null,published,Yes
274,CUS000435,PROJ02288,01-26-2025,5,null,published,NO
275,CUS002429,PROJ00934,09-03-2024,3,Could improve communication.,PUBLISHED,NO
276,CUS003395,PROJ02210,09-07-2025,2,Could improve communication.,pending,YES
277,CUS001621,PROJ04265,21-05-2024,5,Loved the final outcome.,Pending,YES
278,CUS002211,PROJ03417,11-02-2025,3,Excellent workmanship.,pending,Maybe
279,CUS000965,PROJ01920,01-05-2024,2,null,Published,No
280,CUS000640,PROJ04138,27-02-2025,3,Loved the final outcome.,published,Yes
281,CUS004181,PROJ02929,14-05-2024,null,Could improve communication.,pending,No
282,CUS004191,PROJ01854,09-12-2025,5,Loved the final outcome.,published,Yes
283,CUS001888,PROJ03925,02-01-2025,4,Loved the final outcome.,pending,Maybe
284,CUS000160,PROJ02356,04-25-2025,2,Good value.,Pending,NO
285,CUS001846,PROJ03404,20-05-2024,3,Good value.,Published,No
286,CUS000570,PROJ02412,26-02-2025,2,Loved the final outcome.,Published,YES
287,CUS004895,PROJ01024,03-25-2025,3,Good value.,published,NO
288,CUS004245,PROJ01327,18-02-2025,4,null,PUBLISHED,NO
289,CUS002185,PROJ02427,09-18-2025,5,Could improve communication.,Published,Maybe
290,CUS000672,PROJ03669,21-04-2024,5,Loved the final outcome.,pending,Maybe
291,CUS000294,PROJ01719,02-09-2025,null,Good value.,pending,Yes
292,CUS003751,PROJ03726,13-07-2024,3,Professional team.,Pending,YES
293,CUS000890,PROJ02655,08-03-2025,1,null,pending,YES
294,CUS002492,PROJ03917,04-19-2025,5,Excellent workmanship.,published,Maybe
295,CUS000527,PROJ02366,13-07-2025,3,Good value.,Published,YES
296,CUS001362,PROJ01949,04-09-2025,2,Good value.,Published,No
297,CUS002453,PROJ01225,11-27-2024,2,null,Published,Yes
298,CUS002399,PROJ01325,04-26-2024,3,Excellent workmanship.,pending,NO
299,CUS003742,PROJ04055,06-07-2025,4,Could improve communication.,Pending,Yes
300,CUS002292,PROJ00397,23-06-2024,2,Loved the final outcome.,published,YES
301,CUS000981,PROJ00698,22-02-2024,4,Professional team.,published,Yes
302,CUS000459,PROJ01479,14-05-2024,null,Professional team.,Published,NO
303,CUS004655,PROJ01813,24-05-2025,2,Could improve communication.,Pending,YES
304,CUS001861,PROJ00621,08-10-2024,4,Good value.,Pending,Yes
305,CUS002141,PROJ00831,09-07-2025,null,Could improve communication.,PUBLISHED,Maybe
306,CUS000811,PROJ00705,10-05-2025,2,Excellent workmanship.,published,YES
307,CUS004794,PROJ03700,02-26-2024,2,Excellent workmanship.,pending,Maybe
308,CUS003325,PROJ01271,01-11-2024,5,Excellent workmanship.,Pending,YES
309,CUS004545,PROJ04259,06-14-2024,5,Could improve communication.,pending,YES
310,CUS004807,PROJ01114,04-11-2025,5,Excellent workmanship.,PUBLISHED,No
311,CUS004874,PROJ00324,12-01-2025,4,Could improve communication.,Published,No
312,CUS003112,PROJ01972,27-04-2025,3,Professional team.,pending,NO
313,CUS001761,PROJ01632,21-06-2025,5,Excellent workmanship.,Published,Maybe
314,CUS000132,PROJ03771,10-06-2025,4,null,pending,No
315,CUS000439,PROJ03468,03-13-2025,3,Could improve communication.,pending,Maybe
316,CUS000295,PROJ00313,28-12-2024,4,Could improve communication.,Pending,NO
317,CUS001620,PROJ04545,07-03-2024,3,Loved the final outcome.,Published,Yes
318,CUS002893,PROJ01347,25-01-2024,1,null,published,Maybe
319,CUS003591,PROJ04431,28-02-2025,null,Professional team.,pending,YES
320,CUS002520,PROJ01787,01-12-2024,3,Professional team.,Published,No
321,CUS002531,PROJ02042,11-03-2024,5,Excellent workmanship.,PUBLISHED,No
322,CUS001991,PROJ04334,02-09-2025,5,Loved the final outcome.,published,No
323,CUS002828,PROJ02888,12-12-2024,4,Excellent workmanship.,published,NO
324,CUS004840,PROJ04986,06-08-2024,5,Professional team.,Pending,NO
325,CUS001639,PROJ01991,02-27-2024,3,Could improve communication.,pending,Yes
326,CUS003107,PROJ01563,08-01-2024,3,Excellent workmanship.,published,No
327,CUS001460,PROJ01927,01-02-2024,5,Loved the final outcome.,pending,Maybe
328,CUS004076,PROJ02301,02-02-2025,3,null,PUBLISHED,Yes
329,CUS001802,PROJ02746,05-10-2024,2,Professional team.,Pending,No
330,CUS001874,PROJ01260,08-09-2024,4,Professional team.,Published,YES
331,CUS001520,PROJ00602,04-04-2024,4,Could improve communication.,published,YES
332,CUS003429,PROJ04900,14-12-2024,5,Professional team.,PUBLISHED,YES
333,CUS002326,PROJ02845,04-10-2024,2,Loved the final outcome.,Published,NO
334,CUS001729,PROJ03565,01-31-2025,5,Excellent workmanship.,PUBLISHED,Yes
335,CUS003090,PROJ01148,31-08-2025,5,Excellent workmanship.,pending,No
336,CUS003692,PROJ00996,01-24-2024,2,Professional team.,published,YES
337,CUS003112,PROJ01972,20-10-2024,4,null,Published,No
338,CUS004414,PROJ02604,01-06-2024,1,Could improve communication.,pending,Maybe
339,CUS002397,PROJ00498,14-04-2024,5,Professional team.,PUBLISHED,YES
340,CUS004367,PROJ02933,10-17-2024,3,Professional team.,pending,No
341,CUS000933,PROJ00084,07-07-2025,null,Excellent workmanship.,Pending,Yes
342,CUS000485,PROJ03638,18-04-2024,null,Good value.,Pending,YES
343,CUS003854,PROJ01362,09-02-2025,4,Could improve communication.,PUBLISHED,No
344,CUS000109,PROJ00382,06-12-2024,5,Excellent workmanship.,Pending,Maybe
345,CUS002161,PROJ04110,14-05-2024,4,Excellent workmanship.,Pending,No
346,CUS003665,PROJ00430,12-01-2025,4,Good value.,published,YES
347,CUS002086,PROJ00301,05-27-2024,3,Good value.,published,No
348,CUS002600,PROJ03161,28-11-2024,3,Good value.,Published,No
349,CUS001352,PROJ03959,05-05-2025,3,Professional team.,pending,Maybe
350,CUS003064,PROJ04495,05-10-2024,4,Professional team.,pending,Yes
351,CUS004447,PROJ01374,11-05-2024,5,Good value.,published,Maybe
352,CUS004671,PROJ02362,09-06-2024,4,Good value.,Published,No
353,CUS002523,PROJ03127,08-01-2024,4,Could improve communication.,PUBLISHED,Maybe
354,CUS002597,PROJ01910,29-08-2024,1,null,pending,NO
355,CUS001908,PROJ00366,04-27-2024,3,Could improve communication.,Published,NO
356,CUS001103,PROJ01783,29-06-2024,2,Could improve communication.,Published,Maybe
357,CUS000255,PROJ01296,23-01-2025,5,Excellent workmanship.,published,YES
358,CUS000565,PROJ00955,08-17-2025,2,null,published,NO
359,CUS001014,PROJ04940,28-06-2025,5,Good value.,published,YES
360,CUS003333,PROJ00505,28-11-2025,3,Good value.,PUBLISHED,Yes
361,CUS004875,PROJ04318,19-08-2025,5,Good value.,published,No
362,CUS002020,PROJ01489,04-03-2024,5,Excellent workmanship.,pending,No
363,CUS001206,PROJ04029,22-04-2024,2,Good value.,pending,NO
364,CUS004873,PROJ00590,02-10-2025,4,Good value.,Pending,Maybe
365,CUS001973,PROJ00412,08-04-2024,2,Loved the final outcome.,pending,NO
366,CUS004498,PROJ00561,03-01-2025,2,Loved the final outcome.,Published,Yes
367,CUS001142,PROJ01106,25-10-2025,4,null,Pending,YES
368,CUS004873,PROJ02763,27-03-2024,4,Good value.,pending,NO
369,CUS003892,PROJ02276,30-09-2025,4,Could improve communication.,Pending,NO
370,CUS000316,PROJ00868,29-12-2024,5,Excellent workmanship.,pending,NO
371,CUS000331,PROJ01269,08-30-2024,4,Could improve communication.,pending,No
372,CUS002639,PROJ02754,04-02-2024,3,Excellent workmanship.,pending,NO
373,CUS004398,PROJ04511,22-03-2024,5,Professional team.,Pending,Maybe
374,CUS003836,PROJ01299,03-21-2024,5,Loved the final outcome.,Pending,Yes
375,CUS001662,PROJ03863,12-01-2025,5,Professional team.,pending,Yes
376,CUS002096,PROJ04726,12-17-2024,4,Good value.,pending,NO
377,CUS001704,PROJ00678,08-10-2025,3,Professional team.,PUBLISHED,YES
378,CUS004820,PROJ03455,02-06-2024,3,null,pending,No
379,CUS001258,PROJ02662,03-03-2024,2,Could improve communication.,Published,No
380,CUS004413,PROJ01837,01-10-2025,5,Loved the final outcome.,pending,Yes
381,CUS004076,PROJ03979,11-10-2024,3,Professional team.,PUBLISHED,Yes
382,CUS001631,PROJ01538,04-24-2024,5,null,published,NO
383,CUS002374,PROJ03118,13-01-2025,2,Good value.,published,Maybe
384,CUS004321,PROJ02424,03-02-2024,2,Could improve communication.,published,NO
385,CUS003731,PROJ02312,26-02-2025,4,null,published,YES
386,CUS000308,PROJ03290,08-14-2025,1,null,PUBLISHED,Yes
387,CUS001947,PROJ01750,23-02-2024,4,Professional team.,Pending,Maybe
388,CUS000426,PROJ01249,27-08-2024,4,Good value.,PUBLISHED,YES
389,CUS002523,PROJ03127,27-06-2025,null,Good value.,Pending,No
390,CUS002426,PROJ04002,06-26-2025,2,Could improve communication.,PUBLISHED,NO
391,CUS003097,PROJ00419,09-17-2025,3,Professional team.,PUBLISHED,Yes
392,CUS002117,PROJ02938,09-18-2024,4,null,published,Maybe
393,CUS001205,PROJ02479,07-18-2024,2,Professional team.,pending,Yes
394,CUS002442,PROJ01761,19-11-2025,4,Good value.,Published,Maybe
395,CUS004347,PROJ02201,04-16-2024,2,null,PUBLISHED,No
396,CUS000343,PROJ03436,16-07-2024,null,Excellent workmanship.,Published,Maybe
397,CUS001255,PROJ03544,03-11-2025,1,null,Published,Yes
398,CUS000375,PROJ00986,11-09-2025,5,Loved the final outcome.,Published,YES
399,CUS003775,PROJ00410,16-09-2024,1,null,Pending,No
400,CUS001445,PROJ00165,03-13-2025,3,Professional team.,published,Yes
401,CUS003937,PROJ02756,10-10-2024,3,Excellent workmanship.,PUBLISHED,No
402,CUS001461,PROJ03666,01-07-2024,null,Loved the final outcome.,pending,NO
403,CUS002177,PROJ04329,07-01-2024,2,Could improve communication.,Pending,YES
404,CUS000202,PROJ01074,09-20-2025,4,null,PUBLISHED,Yes
405,CUS000933,PROJ00084,05-02-2024,null,null,PUBLISHED,NO
406,CUS004296,PROJ02049,20-01-2024,5,Excellent workmanship.,Pending,No
407,CUS000144,PROJ01523,06-04-2024,4,Could improve communication.,Published,Maybe
408,CUS002840,PROJ01903,17-05-2025,2,Could improve communication.,published,Yes
409,CUS001412,PROJ02503,01-28-2025,4,Excellent workmanship.,pending,Maybe
410,CUS001998,PROJ03252,02-01-2025,4,Excellent workmanship.,Published,No
411,CUS000295,PROJ00313,01-07-2025,4,Professional team.,published,YES
412,CUS002586,PROJ00691,21-07-2025,2,Professional team.,Pending,Yes
413,CUS002414,PROJ02311,10-07-2025,1,null,Pending,YES
414,CUS000529,PROJ01795,23-05-2024,5,Loved the final outcome.,Pending,NO
415,CUS002137,PROJ01300,03-05-2024,4,Could improve communication.,Pending,Yes
416,CUS002624,PROJ02787,07-02-2024,null,null,Published,NO
417,CUS003760,PROJ01806,01-05-2024,5,Good value.,pending,YES
418,CUS000624,PROJ03646,16-08-2025,1,null,published,NO
419,CUS001634,PROJ03939,31-10-2025,5,Excellent workmanship.,published,YES
420,CUS003567,PROJ02774,15-01-2024,3,Excellent workmanship.,Pending,Maybe
421,CUS003285,PROJ03903,06-23-2024,null,Excellent workmanship.,Published,NO
422,CUS002628,PROJ01544,09-01-2025,2,Good value.,PUBLISHED,NO
423,CUS003554,PROJ02125,28-11-2024,5,Could improve communication.,published,No
424,CUS002610,PROJ02745,06-08-2024,3,Excellent workmanship.,Published,No
425,CUS000155,PROJ00644,24-05-2024,3,Could improve communication.,published,NO
426,CUS003854,PROJ01362,09-06-2024,null,Excellent workmanship.,pending,NO
427,CUS003250,PROJ02868,10-06-2024,5,Excellent workmanship.,Published,YES
428,CUS004743,PROJ00977,04-01-2024,3,Good value.,Pending,YES
429,CUS004975,PROJ01930,30-07-2024,5,Good value.,Pending,YES
430,CUS000699,PROJ01753,06-27-2024,5,Loved the final outcome.,Pending,Maybe
431,CUS003284,PROJ01462,03-31-2024,3,Professional team.,Pending,Yes
432,CUS002127,PROJ01624,25-07-2025,5,Excellent workmanship.,pending,No
433,CUS001634,PROJ03179,07-06-2025,2,Professional team.,Published,YES
434,CUS000746,PROJ00605,25-04-2024,4,Good value.,published,YES
435,CUS001785,PROJ01535,17-11-2025,null,Professional team.,PUBLISHED,YES
436,CUS004215,PROJ04487,21-03-2025,4,Excellent workmanship.,Published,Yes
437,CUS003657,PROJ00660,04-07-2025,4,Good value.,pending,Yes
438,CUS000877,PROJ04416,13-03-2024,5,Could improve communication.,PUBLISHED,NO
439,CUS001622,PROJ04119,07-22-2024,3,Loved the final outcome.,Published,No
440,CUS001188,PROJ01209,21-08-2024,4,Loved the final outcome.,Pending,YES
441,CUS001669,PROJ04862,16-03-2024,4,Good value.,published,YES
442,CUS002711,PROJ00395,16-09-2025,3,Loved the final outcome.,Pending,YES
443,CUS004207,PROJ02209,09-10-2025,2,Professional team.,published,Yes
444,CUS002734,PROJ03695,05-08-2025,4,Good value.,Pending,NO
445,CUS000124,PROJ01274,24-06-2024,3,Could improve communication.,published,Maybe
446,CUS003818,PROJ00896,06-23-2024,2,Excellent workmanship.,Pending,Maybe
447,CUS003134,PROJ01451,15-05-2025,4,Professional team.,Published,NO
448,CUS003482,PROJ02823,09-09-2024,5,Loved the final outcome.,pending,YES
449,CUS003074,PROJ00102,10-08-2025,5,Excellent workmanship.,Pending,Maybe
450,CUS003375,PROJ01880,04-02-2024,4,null,Published,NO
451,CUS002684,PROJ04125,22-05-2025,1,null,Pending,YES
452,CUS004665,PROJ03357,15-05-2024,5,Excellent workmanship.,Pending,No
453,CUS000562,PROJ01552,06-14-2024,5,null,pending,Yes
454,CUS001578,PROJ04957,10-04-2025,4,Loved the final outcome.,PUBLISHED,NO
455,CUS004499,PROJ03078,10-10-2025,3,Good value.,PUBLISHED,Maybe
456,CUS000118,PROJ04205,03-02-2024,3,null,pending,Maybe
457,CUS002229,PROJ02277,12-08-2025,2,Could improve communication.,PUBLISHED,Yes
458,CUS002847,PROJ00219,06-11-2025,5,Excellent workmanship.,Pending,No
459,CUS004892,PROJ04810,04-21-2025,null,Professional team.,published,Maybe
460,CUS003790,PROJ04983,03-09-2024,2,Loved the final outcome.,PUBLISHED,YES
461,CUS001806,PROJ03770,06-07-2025,5,null,published,YES
462,CUS001536,PROJ00403,24-11-2024,5,null,Pending,No
463,CUS002545,PROJ03382,25-02-2024,4,Good value.,pending,Maybe
464,CUS002411,PROJ02661,05-05-2024,5,Professional team.,Pending,Maybe
465,CUS000731,PROJ04863,01-11-2025,5,Loved the final outcome.,Pending,Yes
466,CUS003188,PROJ01621,23-03-2024,3,Excellent workmanship.,Published,YES
467,CUS004385,PROJ00046,09-10-2024,4,Loved the final outcome.,published,Maybe
468,CUS004520,PROJ03343,04-10-2025,5,Loved the final outcome.,Pending,No
469,CUS001884,PROJ02408,06-03-2025,3,Professional team.,published,Yes
470,CUS001451,PROJ01440,23-01-2024,5,null,PUBLISHED,NO
471,CUS003595,PROJ03706,15-08-2025,3,Good value.,pending,Maybe
472,CUS001484,PROJ00889,15-07-2025,5,Loved the final outcome.,PUBLISHED,YES
473,CUS004166,PROJ04082,23-09-2024,3,Excellent workmanship.,published,No
474,CUS001035,PROJ00784,18-10-2024,5,Loved the final outcome.,pending,No
475,CUS003414,PROJ03670,05-07-2024,2,Loved the final outcome.,published,Yes
476,CUS002663,PROJ03319,12-02-2024,4,Professional team.,PUBLISHED,YES
477,CUS001775,PROJ04302,07-29-2024,3,Professional team.,published,No
478,CUS000596,PROJ04450,04-04-2025,5,Professional team.,Published,Yes
479,CUS000387,PROJ03626,18-02-2025,4,Professional team.,published,Yes
480,CUS003898,PROJ03266,07-13-2025,3,Good value.,PUBLISHED,Maybe
481,CUS003826,PROJ02970,13-11-2025,4,Professional team.,Published,NO
482,CUS003639,PROJ00980,11-02-2024,3,Professional team.,Published,NO
483,CUS000657,PROJ02279,24-09-2025,3,Professional team.,Published,Maybe
484,CUS001152,PROJ01906,18-10-2025,2,Professional team.,published,Yes
485,CUS002093,PROJ04292,03-26-2024,2,Could improve communication.,Pending,YES
486,CUS000682,PROJ00577,17-05-2025,5,Excellent workmanship.,PUBLISHED,NO
487,CUS004667,PROJ03344,05-31-2024,3,Good value.,PUBLISHED,Yes
488,CUS002773,PROJ02874,18-10-2024,4,Could improve communication.,Published,YES
489,CUS000921,PROJ00876,03-30-2025,4,Professional team.,published,NO
490,CUS002845,PROJ02425,28-02-2025,5,Excellent workmanship.,published,YES
491,CUS002848,PROJ02530,06-11-2024,5,Professional team.,Published,Maybe
492,CUS004858,PROJ02571,19-01-2025,null,null,PUBLISHED,NO
493,CUS004492,PROJ01495,06-28-2024,5,Loved the final outcome.,published,YES
494,CUS001583,PROJ03027,25-01-2025,1,Professional team.,pending,No
495,CUS003474,PROJ02614,05-20-2025,2,Excellent workmanship.,Published,YES
496,CUS001559,PROJ04132,25-09-2024,4,Excellent workmanship.,PUBLISHED,NO
497,CUS003281,PROJ03262,02-07-2024,2,Excellent workmanship.,Published,No
498,CUS001308,PROJ03451,19-05-2025,3,Could improve communication.,Pending,Maybe
499,CUS000018,PROJ04123,22-03-2025,4,null,Published,No
500,CUS003974,PROJ02188,06-08-2025,3,Loved the final outcome.,pending,Yes
