supplier_id,supplier_name,supplier_category,contact_person,email,phone,city_id,supplier_rating,status
SUP0001,Supplier 1,Kitchen,Pooja,supplier1@vendor.com,9997229771,C111,4.5,active
SUP0002,Supplier 2,Flooring,Ravi,supplier2@vendor.com,9439537415,C024,3.5,Active
SUP0003,Supplier 3,Plumbing,Pooja,supplier3@vendor.com,9255244245,C176,3.4,active
SUP0004,Supplier 4,Kitchen,Neha,supplier4@vendor.com,9175073215,C125,3.1,active
SUP0005,Supplier 5,Plumbing,Amit,supplier5@vendor.com,9535378958,C231,3.8,Active
SUP0006,Supplier 6,Wardrobe,Amit,supplier6@vendor.com,9484917454,C009,3.7,Active
SUP0007,Supplier 7,Lighting,Neha,supplier7@vendor.com,9335347357,C042,3.2,active
SUP0008,Supplier 8,Paint,Neha,supplier8@vendor.com,9395748710,C201,3.4,active
SUP0009,Supplier 9,Wardrobe,Pooja,supplier9@vendor.com,9997682891,C177,4,active
SUP0010,Supplier 10,Plumbing,Amit,supplier10@vendor.com,9651061142,C123,4.8,Inactive
SUP0011,Supplier 11,Kitchen,Neha,supplier11@vendor.com,9927301181,C092,4.6,Inactive
SUP0012,Supplier 12,Lighting,Neha,supplier12@vendor.com,9512467129,C199,3.6,Active
SUP0013,Supplier 13,Paint,Pooja,supplier13@vendor.com,9645710455,C019,4,Active
SUP0014,Supplier 14,Decor,Amit,supplier14@vendor.com,9144273710,C109,3.2,Inactive
SUP0015,Supplier 15,Flooring,Amit,supplier15@vendor.com,9891743695,C119,4.8,active
SUP0016,Supplier 16,Paint,Neha,supplier16@vendor.com,9398683057,C154,4.2,Inactive
SUP0017,Supplier 17,Wardrobe,Amit,supplier17@vendor.com,9852634645,C171,3.4,active
SUP0018,Supplier 18,Plumbing,Pooja,supplier18@vendor.com,9918014041,C143,3.4,Inactive
SUP0019,Supplier 19,Hardware,Amit,supplier19@vendor.com,9359513820,C033,5,Active
SUP0020,Supplier 20,Flooring,Neha,supplier20@vendor.com,9169554810,C005,3.5,Inactive
SUP0021,Supplier 21,Plumbing,Ravi,supplier21@vendor.com,9738270683,C247,4.8,Active
SUP0022,Supplier 22,Electrical,Pooja,supplier22@vendor.com,9271288319,C218,4.3,Inactive
SUP0023,Supplier 23,Lighting,Amit,supplier23@vendor.com,9602916601,C244,4.3,active
SUP0024,Supplier 24,Wardrobe,Neha,supplier24@vendor.com,9418332798,C074,4.3,active
SUP0025,Supplier 25,Decor,Neha,supplier25@vendor.com,9309314762,C003,null,active
SUP0026,Supplier 26,Decor,Neha,supplier26@vendor.com,9482744279,C140,4.4,Active
SUP0027,Supplier 27,Furniture,Pooja,supplier27@vendor.com,9855382224,C182,4.6,active
SUP0028,Supplier 28,Electrical,Neha,supplier28@vendor.com,9261010261,C027,4.3,Inactive
SUP0029,Supplier 29,Lighting,Neha,supplier29@vendor.com,9691468532,C218,4.9,active
SUP0030,Supplier 30,Hardware,Amit,supplier30@vendor.com,9913481008,C176,3.9,Inactive
SUP0031,Supplier 31,Wardrobe,Amit,supplier31@vendor.com,9166670041,C243,4.6,Inactive
SUP0032,Supplier 32,Kitchen,Pooja,supplier32@vendor.com,9474208324,C175,3.1,active
SUP0033,Supplier 33,Flooring,Ravi,supplier33@vendor.com,9464589377,C120,5,Inactive
SUP0034,Supplier 34,Plumbing,Ravi,supplier34@vendor.com,9922593738,C039,3.7,active
SUP0035,Supplier 35,Kitchen,Ravi,supplier35@vendor.com,9419845922,C245,4.7,active
SUP0036,Supplier 36,Kitchen,Pooja,supplier36@vendor.com,9648152050,C148,4.8,Inactive
SUP0037,Supplier 37,Electrical,Ravi,,9740386496,C153,3,Active
SUP0038,Supplier 38,Hardware,Pooja,supplier38@vendor.com,9183746955,C024,4.6,Inactive
SUP0039,Supplier 39,Furniture,Neha,supplier39@vendor.com,9466199306,C001,3.7,Inactive
SUP0040, Supplier 40,Lighting,Ravi,supplier40@vendor.com,9104651644,C109,3.3,Active
SUP0041,Supplier 41,Decor,Ravi,supplier41@vendor.com,9377674329,C145,3.1,active
SUP0042,Supplier 42,Electrical,Ravi,supplier42@vendor.com,9617728730,C043,3.7,Active
SUP0043,Supplier 43,Decor,Ravi,supplier43@vendor.com,9648221873,C208,4.1,Active
SUP0044,Supplier 44,Hardware,Pooja,supplier44@vendor.com,9223760975,C096,4.9,Inactive
SUP0045,Supplier 45,Electrical,Amit,supplier45@vendor.com,9547781172,C024,3.7,Inactive
SUP0046,Supplier 46,Decor,Pooja,supplier46@vendor.com,9301430933,C071,4.5,Active
SUP0047,Supplier 47,Plumbing,Pooja,supplier47@vendor.com,9338914817,C232,3.6,Inactive
SUP0048,Supplier 48,Lighting,Amit,supplier48@vendor.com,9826959287,C167,3.2,Inactive
SUP0049,Supplier 49,Kitchen,Pooja,supplier49@vendor.com,9822809611,C175,3.2,Active
SUP0050,Supplier 50,Furniture,Neha,supplier50@vendor.com,9806139281,C156,null,Inactive
SUP0051,Supplier 51,Hardware,Ravi,supplier51@vendor.com,9995435077,C115,4.8,Active
SUP0052,Supplier 52,Plumbing,Neha,supplier52@vendor.com,9719187111,C082,3.6,Active
SUP0053,Supplier 53,Kitchen,Ravi,supplier53@vendor.com,,C047,4.9,Inactive
SUP0054,Supplier 54,Plumbing,Neha,supplier54@vendor.com,9676359497,C231,3.2,active
SUP0055,Supplier 55,Wardrobe,Ravi,supplier55@vendor.com,9674913434,C074,3.4,Inactive
SUP0056,Supplier 56,Flooring,Ravi,supplier56@vendor.com,9611265803,C250,3,Inactive
SUP0057,Supplier 57,Kitchen,Pooja,supplier57@vendor.com,9572764449,C173,4.2,active
SUP0058,Supplier 58,Wardrobe,Neha,supplier58@vendor.com,9639240114,C160,4,Active
SUP0059,Supplier 59,Plumbing,Neha,supplier59@vendor.com,9901670019,C222,4.5,active
SUP0060,Supplier 60,Furniture,Amit,supplier60@vendor.com,9738414758,C138,4.3,active
SUP0061,Supplier 61,Furniture,Ravi,supplier61@vendor.com,9272727473,C080,4.5,Inactive
SUP0062,Supplier 62,Wardrobe,Neha,supplier62@vendor.com,9973161736,C046,3.8,Inactive
SUP0063,Supplier 63,Wardrobe,Ravi,supplier63@vendor.com,9466806414,C064,4.5,Active
SUP0064,Supplier 64,Plumbing,Ravi,supplier64@vendor.com,9725008290,C230,3.9,Active
SUP0065,Supplier 65,Kitchen,Neha,supplier65@vendor.com,9430471350,C075,3.4,active
SUP0066,Supplier 66,Furniture,Ravi,supplier66@vendor.com,9435557051,C153,3.6,active
SUP0067,Supplier 67,Plumbing,Ravi,supplier67@vendor.com,9250885360,C074,3.1,Active
SUP0068,Supplier 68,Hardware,Amit,supplier68@vendor.com,9611458223,C098,4.5,Active
SUP0069,Supplier 69,Decor,Amit,supplier69@vendor.com,9679366343,C043,3.9,Active
SUP0070,Supplier 70,Flooring,Amit,supplier70@vendor.com,9909356105,C089,3.1,Active
SUP0071,Supplier 71,Decor,Amit,supplier71@vendor.com,9883484796,C134,3.1,Active
SUP0072,Supplier 72,Flooring,Pooja,supplier72@vendor.com,9273510617,C024,3.1,Active
SUP0073,Supplier 73,Kitchen,Ravi,supplier73@vendor.com,9518641929,C125,3,active
SUP0074,Supplier 74,Furniture,Amit,,9392567050,C237,3.1,Active
SUP0075,Supplier 75,Flooring,Neha,supplier75@vendor.com,9206496442,C241,null,Inactive
SUP0076,Supplier 76,Electrical,Pooja,supplier76@vendor.com,9297011545,C214,4,Active
SUP0077,Supplier 77,Kitchen,Neha,supplier77@vendor.com,9458540809,C017,4.5,Inactive
SUP0078,Supplier 78,Paint,Amit,supplier78@vendor.com,9909667399,C225,3.8,Inactive
SUP0079,Supplier 79,Hardware,Amit,supplier79@vendor.com,9943634854,C060,3.6,active
SUP0080, Supplier 80,Paint,Pooja,supplier80@vendor.com,9109812855,C059,4.1,Inactive
SUP0081,Supplier 81,Plumbing,Amit,supplier81@vendor.com,9164827729,C223,4.5,active
SUP0082,Supplier 82,Kitchen,Amit,supplier82@vendor.com,9228642206,C187,4.4,Active
SUP0083,Supplier 83,Furniture,Neha,supplier83@vendor.com,9977265492,C211,3.9,active
SUP0084,Supplier 84,Electrical,Pooja,supplier84@vendor.com,9873648436,C222,3.3,Active
SUP0085,Supplier 85,Furniture,Neha,supplier85@vendor.com,9331520476,C034,3.1,Active
SUP0086,Supplier 86,Kitchen,Neha,supplier86@vendor.com,9426681900,C109,3.6,active
SUP0087,Supplier 87,Hardware,Neha,supplier87@vendor.com,9330294475,C090,4.7,active
SUP0088,Supplier 88,Flooring,Ravi,supplier88@vendor.com,9467742045,C176,3.8,active
SUP0089,Supplier 89,Hardware,Pooja,supplier89@vendor.com,9207817929,C200,4.2,Active
SUP0090,Supplier 90,Lighting,Amit,supplier90@vendor.com,9890097058,C004,3.3,active
SUP0091,Supplier 91,Plumbing,Amit,supplier91@vendor.com,9265630884,C100,4.9,Inactive
SUP0092,Supplier 92,Lighting,Ravi,supplier92@vendor.com,9141764708,C102,3.6,Inactive
SUP0093,Supplier 93,Electrical,Ravi,supplier93@vendor.com,9856611718,C040,4.3,Active
SUP0094,Supplier 94,Decor,Ravi,supplier94@vendor.com,9735434433,C077,4.3,active
SUP0095,Supplier 95,Paint,Pooja,supplier95@vendor.com,9569342161,C196,4.1,active
SUP0096,Supplier 96,Flooring,Neha,supplier96@vendor.com,9859225329,C226,3.4,active
SUP0097,Supplier 97,Decor,Neha,supplier97@vendor.com,9503464381,C192,3.9,Active
SUP0098,Supplier 98,Hardware,Neha,supplier98@vendor.com,9431352865,C208,3.4,active
SUP0099,Supplier 99,Decor,Neha,supplier99@vendor.com,9789618064,C100,3.8,active
SUP0100,Supplier 100,Lighting,Amit,supplier100@vendor.com,9771775537,C025,null,Inactive
SUP0101,Supplier 101,Paint,Neha,supplier101@vendor.com,9960836849,C219,4.1,active
SUP0102,Supplier 102,Paint,Ravi,supplier102@vendor.com,9156757149,C189,3.8,Inactive
SUP0103,Supplier 103,Paint,Pooja,supplier103@vendor.com,9315723610,C077,4.3,active
SUP0104,Supplier 104,Lighting,Neha,supplier104@vendor.com,9676314262,C058,3.4,Active
SUP0105,Supplier 105,Lighting,Amit,supplier105@vendor.com,9209460639,C075,3.4,Active
SUP0106,Supplier 106,Kitchen,Amit,supplier106@vendor.com,,C199,4.3,Inactive
SUP0107,Supplier 107,Decor,Neha,supplier107@vendor.com,9492044710,C182,4.7,Active
SUP0108,Supplier 108,Decor,Amit,supplier108@vendor.com,9845046547,C221,4.1,active
SUP0109,Supplier 109,Kitchen,Pooja,supplier109@vendor.com,9821438773,C191,3.2,active
SUP0110,Supplier 110,Flooring,Amit,supplier110@vendor.com,9231877791,C110,3.5,active
SUP0111,Supplier 111,Hardware,Pooja,,9814871793,C073,3.6,Inactive
SUP0112,Supplier 112,Paint,Pooja,supplier112@vendor.com,9476087401,C125,4.9,active
SUP0113,Supplier 113,Paint,Ravi,supplier113@vendor.com,9161876716,C070,5,Active
SUP0114,Supplier 114,Wardrobe,Amit,supplier114@vendor.com,9225964220,C215,4.3,Inactive
SUP0115,Supplier 115,Paint,Amit,supplier115@vendor.com,9329514122,C011,4.8,active
SUP0116,Supplier 116,Plumbing,Ravi,supplier116@vendor.com,9356220499,C077,3.1,Active
SUP0117,Supplier 117,Hardware,Pooja,supplier117@vendor.com,9447583846,C001,4.7,Inactive
SUP0118,Supplier 118,Kitchen,Ravi,supplier118@vendor.com,9718846783,C029,3.4,Inactive
SUP0119,Supplier 119,Wardrobe,Ravi,supplier119@vendor.com,9531134941,C131,3.7,active
SUP0120, Supplier 120,Wardrobe,Amit,supplier120@vendor.com,9207560307,C104,3.6,active
SUP0121,Supplier 121,Lighting,Pooja,supplier121@vendor.com,9100382137,C201,3,active
SUP0122,Supplier 122,Lighting,Ravi,supplier122@vendor.com,9854902169,C031,4.6,active
SUP0123,Supplier 123,Kitchen,Amit,supplier123@vendor.com,9460911933,C222,3.5,Active
SUP0124,Supplier 124,Flooring,Neha,supplier124@vendor.com,9528084576,C232,3.5,Active
SUP0125,Supplier 125,Wardrobe,Ravi,supplier125@vendor.com,9863871584,C170,null,Active
SUP0126,Supplier 126,Hardware,Pooja,supplier126@vendor.com,9293945577,C218,4,active
SUP0127,Supplier 127,Wardrobe,Amit,supplier127@vendor.com,9192937373,C219,3.1,Inactive
SUP0128,Supplier 128,Hardware,Amit,supplier128@vendor.com,9306333511,C080,4.5,Inactive
SUP0129,Supplier 129,Kitchen,Ravi,supplier129@vendor.com,9696251859,C162,4.1,Inactive
SUP0130,Supplier 130,Lighting,Ravi,supplier130@vendor.com,9431400396,C190,4.5,Active
SUP0131,Supplier 131,Plumbing,Neha,supplier131@vendor.com,9669044940,C178,4.6,active
SUP0132,Supplier 132,Hardware,Pooja,supplier132@vendor.com,9845498668,C181,3,Inactive
SUP0133,Supplier 133,Flooring,Neha,supplier133@vendor.com,9992242857,C247,3.8,active
SUP0134,Supplier 134,Paint,Neha,supplier134@vendor.com,9191981302,C177,4,active
SUP0135,Supplier 135,Plumbing,Neha,supplier135@vendor.com,9964122480,C029,3.4,Active
SUP0136,Supplier 136,Kitchen,Amit,supplier136@vendor.com,9722782340,C214,4.5,Active
SUP0137,Supplier 137,Paint,Amit,supplier137@vendor.com,9790424621,C092,3.2,Inactive
SUP0138,Supplier 138,Lighting,Neha,supplier138@vendor.com,9982594228,C182,4,Inactive
SUP0139,Supplier 139,Decor,Amit,supplier139@vendor.com,9657889585,C167,3.7,Active
SUP0140,Supplier 140,Wardrobe,Neha,supplier140@vendor.com,9193637911,C230,3.2,active
SUP0141,Supplier 141,Lighting,Ravi,supplier141@vendor.com,9766551225,C001,3.7,Inactive
SUP0142,Supplier 142,Kitchen,Amit,supplier142@vendor.com,9240236257,C037,3.3,Active
SUP0143,Supplier 143,Kitchen,Neha,supplier143@vendor.com,9675480881,C242,3.3,active
SUP0144,Supplier 144,Paint,Neha,supplier144@vendor.com,9818514338,C051,3.4,Active
SUP0145,Supplier 145,Lighting,Neha,supplier145@vendor.com,9167638987,C236,4.4,Inactive
SUP0146,Supplier 146,Lighting,Pooja,supplier146@vendor.com,9212128243,C003,4.3,active
SUP0147,Supplier 147,Flooring,Ravi,supplier147@vendor.com,9663774994,C082,3.4,Inactive
SUP0148,Supplier 148,Flooring,Pooja,,9516618992,C053,4.6,active
SUP0149,Supplier 149,Flooring,Neha,supplier149@vendor.com,9597032634,C235,3.3,Active
SUP0150,Supplier 150,Hardware,Ravi,supplier150@vendor.com,9869188540,C017,null,Active
SUP0151,Supplier 151,Paint,Neha,supplier151@vendor.com,9735852975,C152,3.2,active
SUP0152,Supplier 152,Plumbing,Ravi,supplier152@vendor.com,9406617334,C215,4.9,active
SUP0153,Supplier 153,Plumbing,Pooja,supplier153@vendor.com,9121383590,C178,3.6,Active
SUP0154,Supplier 154,Wardrobe,Ravi,supplier154@vendor.com,9896714535,C021,3.8,active
SUP0155,Supplier 155,Flooring,Ravi,supplier155@vendor.com,9691961366,C029,3.6,active
SUP0156,Supplier 156,Paint,Amit,supplier156@vendor.com,9322524104,C183,3.8,Inactive
SUP0157,Supplier 157,Lighting,Pooja,supplier157@vendor.com,9937244891,C069,4.3,active
SUP0158,Supplier 158,Wardrobe,Pooja,supplier158@vendor.com,9394139905,C188,4.8,active
SUP0159,Supplier 159,Kitchen,Amit,supplier159@vendor.com,,C124,3.2,Inactive
SUP0160, Supplier 160,Flooring,Amit,supplier160@vendor.com,9996629121,C056,3.2,Inactive
SUP0161,Supplier 161,Decor,Neha,supplier161@vendor.com,9585823468,C152,3.7,active
SUP0162,Supplier 162,Plumbing,Neha,supplier162@vendor.com,9155395309,C190,3.6,Active
SUP0163,Supplier 163,Lighting,Pooja,supplier163@vendor.com,9418085385,C111,4.5,Inactive
SUP0164,Supplier 164,Lighting,Neha,supplier164@vendor.com,9309328591,C030,4,Active
SUP0165,Supplier 165,Plumbing,Neha,supplier165@vendor.com,9818877885,C206,4.5,active
SUP0166,Supplier 166,Flooring,Amit,supplier166@vendor.com,9172148023,C045,4.6,Active
SUP0167,Supplier 167,Wardrobe,Ravi,supplier167@vendor.com,9528510881,C092,3.7,Active
SUP0168,Supplier 168,Paint,Neha,supplier168@vendor.com,9204034734,C013,3.6,Inactive
SUP0169,Supplier 169,Hardware,Neha,supplier169@vendor.com,9959202553,C090,4.6,active
SUP0170,Supplier 170,Kitchen,Neha,supplier170@vendor.com,9257161982,C083,4.3,Inactive
SUP0171,Supplier 171,Hardware,Ravi,supplier171@vendor.com,9766631756,C174,3.9,active
SUP0172,Supplier 172,Wardrobe,Amit,supplier172@vendor.com,9622135083,C065,3.4,active
SUP0173,Supplier 173,Paint,Neha,supplier173@vendor.com,9913600764,C195,3.4,Inactive
SUP0174,Supplier 174,Furniture,Neha,supplier174@vendor.com,9898048032,C188,3,Active
SUP0175,Supplier 175,Lighting,Amit,supplier175@vendor.com,9566393115,C149,null,active
SUP0176,Supplier 176,Paint,Neha,supplier176@vendor.com,9484933662,C024,3.2,Active
SUP0177,Supplier 177,Furniture,Pooja,supplier177@vendor.com,9640811578,C174,3.8,active
SUP0178,Supplier 178,Decor,Neha,supplier178@vendor.com,9847101291,C220,3.9,Inactive
SUP0179,Supplier 179,Paint,Neha,supplier179@vendor.com,9850076990,C228,3.5,active
SUP0180,Supplier 180,Plumbing,Ravi,supplier180@vendor.com,9987805865,C162,3.3,Active
SUP0181,Supplier 181,Kitchen,Neha,supplier181@vendor.com,9740697334,C246,3.6,Inactive
SUP0182,Supplier 182,Furniture,Ravi,supplier182@vendor.com,9704389322,C004,3.5,Active
SUP0183,Supplier 183,Wardrobe,Neha,supplier183@vendor.com,9819875087,C151,4.9,Active
SUP0184,Supplier 184,Plumbing,Ravi,supplier184@vendor.com,9372811393,C018,4.9,Inactive
SUP0185,Supplier 185,Flooring,Ravi,,9874468994,C235,3.8,active
SUP0186,Supplier 186,Decor,Neha,supplier186@vendor.com,9887548799,C065,3.1,Active
SUP0187,Supplier 187,Decor,Ravi,supplier187@vendor.com,9738482740,C189,3.4,Inactive
SUP0188,Supplier 188,Decor,Amit,supplier188@vendor.com,9433931798,C127,4.4,Inactive
SUP0189,Supplier 189,Wardrobe,Pooja,supplier189@vendor.com,9412496141,C012,4.5,active
SUP0190,Supplier 190,Wardrobe,Pooja,supplier190@vendor.com,9473165129,C001,4.1,Inactive
SUP0191,Supplier 191,Flooring,Neha,supplier191@vendor.com,9743138785,C111,3.2,Active
SUP0192,Supplier 192,Electrical,Pooja,supplier192@vendor.com,9400934228,C232,5,active
SUP0193,Supplier 193,Decor,Pooja,supplier193@vendor.com,9104050415,C213,3.9,active
SUP0194,Supplier 194,Paint,Neha,supplier194@vendor.com,9981384096,C068,3.6,active
SUP0195,Supplier 195,Lighting,Neha,supplier195@vendor.com,9664901520,C121,3,active
SUP0196,Supplier 196,Flooring,Neha,supplier196@vendor.com,9670327940,C246,4.4,active
SUP0197,Supplier 197,Kitchen,Pooja,supplier197@vendor.com,9610643751,C234,3.6,Active
SUP0198,Supplier 198,Lighting,Neha,supplier198@vendor.com,9149782188,C231,4.4,active
SUP0199,Supplier 199,Kitchen,Amit,supplier199@vendor.com,9740938957,C200,3.7,Inactive
SUP0200, Supplier 200,Plumbing,Amit,supplier200@vendor.com,9800220231,C093,null,Inactive
SUP0201,Supplier 201,Plumbing,Amit,supplier201@vendor.com,9899565852,C124,3.8,Active
SUP0202,Supplier 202,Flooring,Neha,supplier202@vendor.com,9678524032,C228,4.1,Active
SUP0203,Supplier 203,Flooring,Amit,supplier203@vendor.com,9611981027,C071,3.8,active
SUP0204,Supplier 204,Lighting,Amit,supplier204@vendor.com,9251907013,C127,3.2,Inactive
SUP0205,Supplier 205,Wardrobe,Amit,supplier205@vendor.com,9801136935,C074,3.6,Active
SUP0206,Supplier 206,Furniture,Pooja,supplier206@vendor.com,9384488525,C138,3.8,active
SUP0207,Supplier 207,Kitchen,Amit,supplier207@vendor.com,9450528401,C031,4,Active
SUP0208,Supplier 208,Hardware,Amit,supplier208@vendor.com,9745002932,C136,4.2,Inactive
SUP0209,Supplier 209,Wardrobe,Amit,supplier209@vendor.com,9412502233,C227,4.7,Active
SUP0210,Supplier 210,Paint,Amit,supplier210@vendor.com,9460325833,C238,4.9,active
SUP0211,Supplier 211,Plumbing,Ravi,supplier211@vendor.com,9466656738,C091,4.6,Active
SUP0212,Supplier 212,Electrical,Pooja,supplier212@vendor.com,,C172,3.8,Active
SUP0213,Supplier 213,Decor,Pooja,supplier213@vendor.com,9610101057,C170,3.2,Active
SUP0214,Supplier 214,Furniture,Amit,supplier214@vendor.com,9410421206,C145,4.9,Active
SUP0215,Supplier 215,Paint,Ravi,supplier215@vendor.com,9520439165,C040,3.3,active
SUP0216,Supplier 216,Wardrobe,Pooja,supplier216@vendor.com,9336337620,C162,3.2,Inactive
SUP0217,Supplier 217,Electrical,Neha,supplier217@vendor.com,9829685507,C065,3.8,active
SUP0218,Supplier 218,Hardware,Pooja,supplier218@vendor.com,9260785513,C152,3.3,Inactive
SUP0219,Supplier 219,Hardware,Ravi,supplier219@vendor.com,9489599425,C048,3.1,Active
SUP0220,Supplier 220,Plumbing,Pooja,supplier220@vendor.com,9794978454,C050,4.8,Inactive
SUP0221,Supplier 221,Hardware,Neha,supplier221@vendor.com,9638820578,C142,4.9,Inactive
SUP0222,Supplier 222,Hardware,Amit,,9845053811,C004,4.4,active
SUP0223,Supplier 223,Furniture,Neha,supplier223@vendor.com,9854043629,C155,3.8,Active
SUP0224,Supplier 224,Flooring,Ravi,supplier224@vendor.com,9467977605,C145,3.8,active
SUP0225,Supplier 225,Electrical,Ravi,supplier225@vendor.com,9791348743,C159,null,Inactive
SUP0226,Supplier 226,Wardrobe,Amit,supplier226@vendor.com,9720473711,C001,5,Inactive
SUP0227,Supplier 227,Plumbing,Neha,supplier227@vendor.com,9135748250,C075,3.4,active
SUP0228,Supplier 228,Hardware,Amit,supplier228@vendor.com,9107175633,C080,3.3,Active
SUP0229,Supplier 229,Paint,Ravi,supplier229@vendor.com,9813328204,C103,3.9,active
SUP0230,Supplier 230,Paint,Ravi,supplier230@vendor.com,9854018092,C060,4.4,active
SUP0231,Supplier 231,Paint,Neha,supplier231@vendor.com,9909200535,C203,4.4,Inactive
SUP0232,Supplier 232,Plumbing,Amit,supplier232@vendor.com,9846157530,C197,3.8,Active
SUP0233,Supplier 233,Paint,Neha,supplier233@vendor.com,9724614287,C144,5,active
SUP0234,Supplier 234,Flooring,Amit,supplier234@vendor.com,9666128609,C232,4.8,Active
SUP0235,Supplier 235,Decor,Neha,supplier235@vendor.com,9333945723,C039,4.7,Inactive
SUP0236,Supplier 236,Plumbing,Pooja,supplier236@vendor.com,9592726717,C120,4.1,Inactive
SUP0237,Supplier 237,Lighting,Amit,supplier237@vendor.com,9690962222,C019,3.4,Active
SUP0238,Supplier 238,Paint,Neha,supplier238@vendor.com,9798645614,C220,3.8,active
SUP0239,Supplier 239,Wardrobe,Ravi,supplier239@vendor.com,9511441605,C188,5,active
SUP0240, Supplier 240,Furniture,Amit,supplier240@vendor.com,9972979670,C036,3.7,Inactive
SUP0241,Supplier 241,Hardware,Amit,supplier241@vendor.com,9833192408,C211,3.1,Active
SUP0242,Supplier 242,Decor,Amit,supplier242@vendor.com,9570110378,C093,5,Inactive
SUP0243,Supplier 243,Hardware,Ravi,supplier243@vendor.com,9625508685,C216,4.3,Active
SUP0244,Supplier 244,Kitchen,Amit,supplier244@vendor.com,9398231760,C089,3.1,Active
SUP0245,Supplier 245,Plumbing,Neha,supplier245@vendor.com,9470630839,C142,3.2,active
SUP0246,Supplier 246,Lighting,Ravi,supplier246@vendor.com,9593391111,C179,3,Active
SUP0247,Supplier 247,Hardware,Amit,supplier247@vendor.com,9135782293,C162,4.3,Inactive
SUP0248,Supplier 248,Plumbing,Ravi,supplier248@vendor.com,9207575347,C012,4.1,Inactive
SUP0249,Supplier 249,Kitchen,Pooja,supplier249@vendor.com,9536866834,C169,3.5,active
SUP0250,Supplier 250,Furniture,Ravi,supplier250@vendor.com,9535059373,C024,null,active
SUP0251,Supplier 251,Lighting,Amit,supplier251@vendor.com,9734796612,C141,3.4,Inactive
SUP0252,Supplier 252,Wardrobe,Neha,supplier252@vendor.com,9248434279,C110,4.9,Inactive
SUP0253,Supplier 253,Paint,Pooja,supplier253@vendor.com,9602293954,C117,3.6,Inactive
SUP0254,Supplier 254,Electrical,Ravi,supplier254@vendor.com,9710129558,C026,4.5,Inactive
SUP0255,Supplier 255,Kitchen,Pooja,supplier255@vendor.com,9981184832,C108,3.4,active
SUP0256,Supplier 256,Kitchen,Amit,supplier256@vendor.com,9793594498,C250,3.6,active
SUP0257,Supplier 257,Paint,Ravi,supplier257@vendor.com,9889909099,C050,3.7,Active
SUP0258,Supplier 258,Hardware,Amit,supplier258@vendor.com,9405923707,C137,3.4,active
SUP0259,Supplier 259,Kitchen,Amit,,9925828377,C171,4.1,active
SUP0260,Supplier 260,Electrical,Pooja,supplier260@vendor.com,9535234241,C014,4.3,active
SUP0261,Supplier 261,Kitchen,Neha,supplier261@vendor.com,9558242988,C135,4.3,Inactive
SUP0262,Supplier 262,Hardware,Pooja,supplier262@vendor.com,9420101547,C245,3.6,active
SUP0263,Supplier 263,Plumbing,Pooja,supplier263@vendor.com,9526755697,C114,3.3,active
SUP0264,Supplier 264,Hardware,Pooja,supplier264@vendor.com,9618590765,C220,3.9,Inactive
SUP0265,Supplier 265,Decor,Ravi,supplier265@vendor.com,,C015,4.2,Active
SUP0266,Supplier 266,Kitchen,Pooja,supplier266@vendor.com,9193539533,C006,4.6,Active
SUP0267,Supplier 267,Plumbing,Neha,supplier267@vendor.com,9264345487,C155,3.8,Inactive
SUP0268,Supplier 268,Wardrobe,Amit,supplier268@vendor.com,9818702368,C191,4.4,Inactive
SUP0269,Supplier 269,Paint,Amit,supplier269@vendor.com,9368993108,C044,4.6,Active
SUP0270,Supplier 270,Decor,Amit,supplier270@vendor.com,9130513250,C167,4.2,Active
SUP0271,Supplier 271,Plumbing,Ravi,supplier271@vendor.com,9164081156,C209,4.9,Inactive
SUP0272,Supplier 272,Hardware,Neha,supplier272@vendor.com,9560019661,C084,3.6,Inactive
SUP0273,Supplier 273,Decor,Neha,supplier273@vendor.com,9266432385,C126,4.1,Inactive
SUP0274,Supplier 274,Lighting,Amit,supplier274@vendor.com,9439725193,C072,4.3,Active
SUP0275,Supplier 275,Lighting,Amit,supplier275@vendor.com,9611970513,C188,null,Active
SUP0276,Supplier 276,Wardrobe,Neha,supplier276@vendor.com,9177573317,C082,4.9,Inactive
SUP0277,Supplier 277,Wardrobe,Amit,supplier277@vendor.com,9865161316,C135,3.6,active
SUP0278,Supplier 278,Flooring,Neha,supplier278@vendor.com,9734982862,C066,3.6,active
SUP0279,Supplier 279,Decor,Ravi,supplier279@vendor.com,9101339355,C036,4.2,Inactive
SUP0280, Supplier 280,Kitchen,Pooja,supplier280@vendor.com,9539316371,C215,4,Inactive
SUP0281,Supplier 281,Plumbing,Pooja,supplier281@vendor.com,9647227879,C142,3,active
SUP0282,Supplier 282,Lighting,Amit,supplier282@vendor.com,9357013897,C171,4.9,active
SUP0283,Supplier 283,Wardrobe,Amit,supplier283@vendor.com,9294724062,C101,3.5,active
SUP0284,Supplier 284,Wardrobe,Neha,supplier284@vendor.com,9259568482,C024,3.5,Inactive
SUP0285,Supplier 285,Kitchen,Amit,supplier285@vendor.com,9469099285,C043,4,active
SUP0286,Supplier 286,Wardrobe,Neha,supplier286@vendor.com,9629819921,C095,3.3,Active
SUP0287,Supplier 287,Wardrobe,Ravi,supplier287@vendor.com,9607207749,C180,5,active
SUP0288,Supplier 288,Electrical,Neha,supplier288@vendor.com,9103192779,C178,3,active
SUP0289,Supplier 289,Lighting,Neha,supplier289@vendor.com,9301719172,C023,4,Active
SUP0290,Supplier 290,Hardware,Pooja,supplier290@vendor.com,9607693241,C186,3.5,active
SUP0291,Supplier 291,Wardrobe,Neha,supplier291@vendor.com,9277737732,C148,4.3,Active
SUP0292,Supplier 292,Kitchen,Amit,supplier292@vendor.com,9895305969,C007,3.6,Active
SUP0293,Supplier 293,Electrical,Ravi,supplier293@vendor.com,9188095969,C064,4.4,Active
SUP0294,Supplier 294,Furniture,Ravi,supplier294@vendor.com,9520086472,C092,3.3,Active
SUP0295,Supplier 295,Furniture,Pooja,supplier295@vendor.com,9614142846,C147,4.9,Inactive
SUP0296,Supplier 296,Furniture,Neha,,9591606562,C113,4.8,Active
SUP0297,Supplier 297,Lighting,Neha,supplier297@vendor.com,9239143726,C108,3.3,active
SUP0298,Supplier 298,Kitchen,Amit,supplier298@vendor.com,9344833690,C101,3.5,Inactive
SUP0299,Supplier 299,Plumbing,Ravi,supplier299@vendor.com,9149822767,C038,3.8,active
SUP0300,Supplier 300,Plumbing,Ravi,supplier300@vendor.com,9737511210,C128,null,Inactive
SUP0301,Supplier 301,Kitchen,Ravi,supplier301@vendor.com,9621642361,C181,4.1,Inactive
SUP0302,Supplier 302,Flooring,Amit,supplier302@vendor.com,9235005497,C137,3.3,Inactive
SUP0303,Supplier 303,Wardrobe,Ravi,supplier303@vendor.com,9900642441,C185,3.9,Inactive
SUP0304,Supplier 304,Flooring,Ravi,supplier304@vendor.com,9102170875,C089,4.4,Inactive
SUP0305,Supplier 305,Wardrobe,Pooja,supplier305@vendor.com,9999357077,C086,4.4,active
SUP0306,Supplier 306,Hardware,Ravi,supplier306@vendor.com,9720187683,C163,3.5,active
SUP0307,Supplier 307,Paint,Neha,supplier307@vendor.com,9865539552,C146,3.6,Active
SUP0308,Supplier 308,Kitchen,Ravi,supplier308@vendor.com,9149829665,C173,4.9,Inactive
SUP0309,Supplier 309,Kitchen,Amit,supplier309@vendor.com,9916102151,C054,3.8,active
SUP0310,Supplier 310,Wardrobe,Neha,supplier310@vendor.com,9545111941,C026,4.9,active
SUP0311,Supplier 311,Hardware,Neha,supplier311@vendor.com,9576095793,C066,3.1,Inactive
SUP0312,Supplier 312,Plumbing,Amit,supplier312@vendor.com,9167859979,C046,4.3,active
SUP0313,Supplier 313,Flooring,Neha,supplier313@vendor.com,9656103670,C211,3.3,active
SUP0314,Supplier 314,Paint,Ravi,supplier314@vendor.com,9164941300,C127,3.4,Active
SUP0315,Supplier 315,Electrical,Amit,supplier315@vendor.com,9372793092,C081,3.3,Inactive
SUP0316,Supplier 316,Electrical,Amit,supplier316@vendor.com,9739190646,C062,4.2,Inactive
SUP0317,Supplier 317,Kitchen,Neha,supplier317@vendor.com,9330040508,C240,4.7,Inactive
SUP0318,Supplier 318,Kitchen,Ravi,supplier318@vendor.com,,C104,3.7,active
SUP0319,Supplier 319,Plumbing,Ravi,supplier319@vendor.com,9729233148,C194,4.4,active
SUP0320, Supplier 320,Hardware,Pooja,supplier320@vendor.com,9891446249,C059,4.1,active
SUP0321,Supplier 321,Kitchen,Ravi,supplier321@vendor.com,9428452522,C165,3.3,Inactive
SUP0322,Supplier 322,Electrical,Neha,supplier322@vendor.com,9314906618,C031,4,Active
SUP0323,Supplier 323,Flooring,Amit,supplier323@vendor.com,9410254684,C247,4.8,Inactive
SUP0324,Supplier 324,Decor,Neha,supplier324@vendor.com,9487593418,C013,3.2,Active
SUP0325,Supplier 325,Furniture,Ravi,supplier325@vendor.com,9717464996,C008,null,Inactive
SUP0326,Supplier 326,Decor,Amit,supplier326@vendor.com,9441738724,C133,3.9,active
SUP0327,Supplier 327,Decor,Pooja,supplier327@vendor.com,9906369626,C029,4,active
SUP0328,Supplier 328,Wardrobe,Pooja,supplier328@vendor.com,9605427694,C136,3.4,active
SUP0329,Supplier 329,Lighting,Amit,supplier329@vendor.com,9263784996,C138,4.9,Active
SUP0330,Supplier 330,Paint,Ravi,supplier330@vendor.com,9536250560,C163,3.1,active
SUP0331,Supplier 331,Kitchen,Neha,supplier331@vendor.com,9426325254,C156,5,active
SUP0332,Supplier 332,Flooring,Neha,supplier332@vendor.com,9912897970,C110,3,Active
SUP0333,Supplier 333,Hardware,Neha,,9758881010,C232,3.6,active
SUP0334,Supplier 334,Paint,Pooja,supplier334@vendor.com,9500132789,C196,4.5,active
SUP0335,Supplier 335,Decor,Pooja,supplier335@vendor.com,9869488599,C023,4.6,Active
SUP0336,Supplier 336,Flooring,Ravi,supplier336@vendor.com,9724547932,C052,4.9,active
SUP0337,Supplier 337,Furniture,Amit,supplier337@vendor.com,9534817224,C042,4.4,Inactive
SUP0338,Supplier 338,Furniture,Amit,supplier338@vendor.com,9216919213,C241,5,Inactive
SUP0339,Supplier 339,Wardrobe,Ravi,supplier339@vendor.com,9130033207,C196,4.3,Inactive
SUP0340,Supplier 340,Flooring,Ravi,supplier340@vendor.com,9642722602,C007,4.6,Inactive
SUP0341,Supplier 341,Flooring,Neha,supplier341@vendor.com,9782127902,C044,4.5,active
SUP0342,Supplier 342,Flooring,Neha,supplier342@vendor.com,9816192624,C059,4.5,Inactive
SUP0343,Supplier 343,Lighting,Pooja,supplier343@vendor.com,9785760047,C086,4,Active
SUP0344,Supplier 344,Paint,Neha,supplier344@vendor.com,9609406003,C072,3.3,Inactive
SUP0345,Supplier 345,Wardrobe,Neha,supplier345@vendor.com,9978215041,C203,4.9,Inactive
SUP0346,Supplier 346,Wardrobe,Neha,supplier346@vendor.com,9324040191,C174,3.6,Active
SUP0347,Supplier 347,Furniture,Pooja,supplier347@vendor.com,9258517055,C139,3.3,active
SUP0348,Supplier 348,Paint,Pooja,supplier348@vendor.com,9239838281,C037,3.7,Inactive
SUP0349,Supplier 349,Electrical,Pooja,supplier349@vendor.com,9822261578,C070,4.7,Inactive
SUP0350,Supplier 350,Kitchen,Pooja,supplier350@vendor.com,9456503891,C238,null,Inactive
SUP0351,Supplier 351,Wardrobe,Ravi,supplier351@vendor.com,9291052614,C143,3.9,Inactive
SUP0352,Supplier 352,Wardrobe,Pooja,supplier352@vendor.com,9193096014,C208,3,Inactive
SUP0353,Supplier 353,Flooring,Neha,supplier353@vendor.com,9161334950,C116,4.2,active
SUP0354,Supplier 354,Decor,Neha,supplier354@vendor.com,9738888637,C147,3.9,Inactive
SUP0355,Supplier 355,Kitchen,Ravi,supplier355@vendor.com,9404369071,C011,4.9,Active
SUP0356,Supplier 356,Lighting,Ravi,supplier356@vendor.com,9640898408,C195,4.2,Inactive
SUP0357,Supplier 357,Hardware,Neha,supplier357@vendor.com,9430747725,C126,4.3,Inactive
SUP0358,Supplier 358,Paint,Pooja,supplier358@vendor.com,9237513718,C006,3.5,Active
SUP0359,Supplier 359,Kitchen,Pooja,supplier359@vendor.com,9684632874,C109,4.2,Inactive
SUP0360, Supplier 360,Paint,Ravi,supplier360@vendor.com,9631582313,C035,4.8,Active
SUP0361,Supplier 361,Decor,Ravi,supplier361@vendor.com,9508261838,C103,4.8,active
SUP0362,Supplier 362,Electrical,Ravi,supplier362@vendor.com,9366246287,C128,4.5,Active
SUP0363,Supplier 363,Hardware,Amit,supplier363@vendor.com,9952880320,C109,3.8,Active
SUP0364,Supplier 364,Flooring,Pooja,supplier364@vendor.com,9234324654,C196,3.7,Active
SUP0365,Supplier 365,Furniture,Amit,supplier365@vendor.com,9904977212,C094,3.3,Inactive
SUP0366,Supplier 366,Wardrobe,Pooja,supplier366@vendor.com,9485146239,C111,3.8,Active
SUP0367,Supplier 367,Lighting,Pooja,supplier367@vendor.com,9120678150,C121,4.4,Inactive
SUP0368,Supplier 368,Lighting,Amit,supplier368@vendor.com,9392679135,C015,4,active
SUP0369,Supplier 369,Wardrobe,Pooja,supplier369@vendor.com,9364450121,C106,3.1,Active
SUP0370,Supplier 370,Furniture,Pooja,,9308853033,C250,3.6,Inactive
SUP0371,Supplier 371,Hardware,Neha,supplier371@vendor.com,,C103,4.3,Active
SUP0372,Supplier 372,Furniture,Neha,supplier372@vendor.com,9425931105,C079,4.2,active
SUP0373,Supplier 373,Decor,Ravi,supplier373@vendor.com,9735066293,C045,4.2,Active
SUP0374,Supplier 374,Flooring,Pooja,supplier374@vendor.com,9538703969,C032,3.9,Active
SUP0375,Supplier 375,Lighting,Amit,supplier375@vendor.com,9261874260,C215,null,Inactive
SUP0376,Supplier 376,Decor,Amit,supplier376@vendor.com,9890742176,C117,3.2,active
SUP0377,Supplier 377,Lighting,Amit,supplier377@vendor.com,9851420623,C210,3.7,active
SUP0378,Supplier 378,Furniture,Pooja,supplier378@vendor.com,9192922259,C178,3.7,Active
SUP0379,Supplier 379,Wardrobe,Neha,supplier379@vendor.com,9323492649,C067,3.1,active
SUP0380,Supplier 380,Flooring,Ravi,supplier380@vendor.com,9277697879,C211,4.1,active
SUP0381,Supplier 381,Flooring,Amit,supplier381@vendor.com,9474079460,C237,4.1,Active
SUP0382,Supplier 382,Kitchen,Pooja,supplier382@vendor.com,9733823562,C226,4.6,active
SUP0383,Supplier 383,Electrical,Pooja,supplier383@vendor.com,9985762826,C026,4.2,active
SUP0384,Supplier 384,Plumbing,Neha,supplier384@vendor.com,9500174495,C221,4.3,Inactive
SUP0385,Supplier 385,Paint,Pooja,supplier385@vendor.com,9784103938,C128,4.4,active
SUP0386,Supplier 386,Kitchen,Neha,supplier386@vendor.com,9869498668,C048,4.3,Active
SUP0387,Supplier 387,Electrical,Neha,supplier387@vendor.com,9842971188,C137,3.6,Active
SUP0388,Supplier 388,Plumbing,Neha,supplier388@vendor.com,9871875273,C079,4.4,Active
SUP0389,Supplier 389,Flooring,Neha,supplier389@vendor.com,9384123788,C131,4.5,Active
SUP0390,Supplier 390,Flooring,Pooja,supplier390@vendor.com,9822796847,C055,3.1,Active
SUP0391,Supplier 391,Flooring,Amit,supplier391@vendor.com,9266014697,C237,3.1,active
SUP0392,Supplier 392,Furniture,Ravi,supplier392@vendor.com,9897456677,C168,4.5,Inactive
SUP0393,Supplier 393,Flooring,Amit,supplier393@vendor.com,9269001307,C239,4,active
SUP0394,Supplier 394,Lighting,Amit,supplier394@vendor.com,9465541434,C124,4.8,active
SUP0395,Supplier 395,Plumbing,Pooja,supplier395@vendor.com,9269064686,C043,5,active
SUP0396,Supplier 396,Plumbing,Ravi,supplier396@vendor.com,9551991175,C143,3.4,active
SUP0397,Supplier 397,Hardware,Neha,supplier397@vendor.com,9235253218,C028,4,active
SUP0398,Supplier 398,Furniture,Pooja,supplier398@vendor.com,9981819751,C224,4.3,Inactive
SUP0399,Supplier 399,Flooring,Ravi,supplier399@vendor.com,9301589695,C197,3.2,active
SUP0400, Supplier 400,Hardware,Neha,supplier400@vendor.com,9209755993,C171,null,Inactive
SUP0401,Supplier 401,Wardrobe,Amit,supplier401@vendor.com,9282012133,C138,3.5,Active
SUP0402,Supplier 402,Wardrobe,Pooja,supplier402@vendor.com,9627990060,C048,4.7,Inactive
SUP0403,Supplier 403,Electrical,Pooja,supplier403@vendor.com,9790323878,C036,4.4,active
SUP0404,Supplier 404,Wardrobe,Neha,supplier404@vendor.com,9456251044,C003,4.6,active
SUP0405,Supplier 405,Flooring,Ravi,supplier405@vendor.com,9199673032,C001,4,Active
SUP0406,Supplier 406,Furniture,Amit,supplier406@vendor.com,9600943267,C158,3.4,Inactive
SUP0407,Supplier 407,Paint,Neha,,9941988736,C088,3.3,Active
SUP0408,Supplier 408,Paint,Ravi,supplier408@vendor.com,9451462369,C234,3.2,Active
SUP0409,Supplier 409,Decor,Pooja,supplier409@vendor.com,9765190963,C080,4.1,Active
SUP0410,Supplier 410,Furniture,Amit,supplier410@vendor.com,9601699494,C174,4.8,active
SUP0411,Supplier 411,Decor,Neha,supplier411@vendor.com,9397669230,C016,3.6,active
SUP0412,Supplier 412,Hardware,Ravi,supplier412@vendor.com,9604552829,C248,3.9,Active
SUP0413,Supplier 413,Paint,Amit,supplier413@vendor.com,9485820982,C087,3.4,active
SUP0414,Supplier 414,Plumbing,Ravi,supplier414@vendor.com,9141110665,C096,3.5,Active
SUP0415,Supplier 415,Furniture,Amit,supplier415@vendor.com,9491961881,C044,4.7,active
SUP0416,Supplier 416,Kitchen,Neha,supplier416@vendor.com,9828666559,C069,3.3,Inactive
SUP0417,Supplier 417,Lighting,Neha,supplier417@vendor.com,9410332176,C128,3.4,Inactive
SUP0418,Supplier 418,Furniture,Pooja,supplier418@vendor.com,9147889376,C205,3,Inactive
SUP0419,Supplier 419,Lighting,Neha,supplier419@vendor.com,9426440078,C237,4.8,Active
SUP0420,Supplier 420,Flooring,Pooja,supplier420@vendor.com,9865367570,C146,4.3,Inactive
SUP0421,Supplier 421,Plumbing,Neha,supplier421@vendor.com,9919201137,C038,5,Inactive
SUP0422,Supplier 422,Paint,Pooja,supplier422@vendor.com,9467471197,C215,4.1,Inactive
SUP0423,Supplier 423,Electrical,Amit,supplier423@vendor.com,9398449276,C137,4.4,Inactive
SUP0424,Supplier 424,Kitchen,Pooja,supplier424@vendor.com,,C180,3.9,Active
SUP0425,Supplier 425,Furniture,Amit,supplier425@vendor.com,9108941719,C190,null,Inactive
SUP0426,Supplier 426,Wardrobe,Amit,supplier426@vendor.com,9119433824,C161,3.2,Inactive
SUP0427,Supplier 427,Decor,Amit,supplier427@vendor.com,9349435399,C245,3.6,active
SUP0428,Supplier 428,Lighting,Pooja,supplier428@vendor.com,9231130770,C034,5,active
SUP0429,Supplier 429,Furniture,Pooja,supplier429@vendor.com,9379801554,C242,4.7,Active
SUP0430,Supplier 430,Wardrobe,Ravi,supplier430@vendor.com,9683980861,C224,4.9,Inactive
SUP0431,Supplier 431,Lighting,Pooja,supplier431@vendor.com,9579730981,C067,4.5,Active
SUP0432,Supplier 432,Plumbing,Neha,supplier432@vendor.com,9286760075,C240,3.5,Inactive
SUP0433,Supplier 433,Plumbing,Amit,supplier433@vendor.com,9436159716,C162,3.8,Inactive
SUP0434,Supplier 434,Paint,Amit,supplier434@vendor.com,9734601927,C164,4.4,Inactive
SUP0435,Supplier 435,Flooring,Amit,supplier435@vendor.com,9384055354,C078,4.9,Active
SUP0436,Supplier 436,Kitchen,Amit,supplier436@vendor.com,9455936378,C132,3.4,Inactive
SUP0437,Supplier 437,Furniture,Neha,supplier437@vendor.com,9162805502,C136,3.5,Inactive
SUP0438,Supplier 438,Hardware,Pooja,supplier438@vendor.com,9995815359,C041,3.4,active
SUP0439,Supplier 439,Flooring,Amit,supplier439@vendor.com,9110861740,C109,4.1,active
SUP0440, Supplier 440,Decor,Neha,supplier440@vendor.com,9513147404,C071,4.9,Active
SUP0441,Supplier 441,Paint,Neha,supplier441@vendor.com,9988294883,C079,3.8,Inactive
SUP0442,Supplier 442,Decor,Ravi,supplier442@vendor.com,9670973785,C066,4.7,active
SUP0443,Supplier 443,Paint,Amit,supplier443@vendor.com,9293796322,C148,4,active
SUP0444,Supplier 444,Lighting,Pooja,,9871143619,C223,3.1,active
SUP0445,Supplier 445,Hardware,Neha,supplier445@vendor.com,9575307156,C232,4.3,active
SUP0446,Supplier 446,Wardrobe,Neha,supplier446@vendor.com,9352439046,C028,3.5,active
SUP0447,Supplier 447,Hardware,Amit,supplier447@vendor.com,9750745529,C210,3.3,Active
SUP0448,Supplier 448,Hardware,Neha,supplier448@vendor.com,9348877894,C034,4.1,active
SUP0449,Supplier 449,Flooring,Amit,supplier449@vendor.com,9389335684,C240,4.6,Inactive
SUP0450,Supplier 450,Electrical,Pooja,supplier450@vendor.com,9155383470,C248,null,Active
SUP0451,Supplier 451,Decor,Pooja,supplier451@vendor.com,9862032157,C198,3,Inactive
SUP0452,Supplier 452,Paint,Pooja,supplier452@vendor.com,9647822346,C034,3.9,Inactive
SUP0453,Supplier 453,Plumbing,Amit,supplier453@vendor.com,9536202452,C123,3,Inactive
SUP0454,Supplier 454,Hardware,Ravi,supplier454@vendor.com,9713880681,C124,3.7,Inactive
SUP0455,Supplier 455,Lighting,Pooja,supplier455@vendor.com,9937650727,C115,4.3,Inactive
SUP0456,Supplier 456,Plumbing,Ravi,supplier456@vendor.com,9354998042,C079,4.1,Active
SUP0457,Supplier 457,Wardrobe,Ravi,supplier457@vendor.com,9697100882,C105,4.1,active
SUP0458,Supplier 458,Hardware,Amit,supplier458@vendor.com,9667206296,C134,3.7,active
SUP0459,Supplier 459,Lighting,Pooja,supplier459@vendor.com,9100541318,C114,3.5,Inactive
SUP0460,Supplier 460,Flooring,Neha,supplier460@vendor.com,9267762749,C190,4.3,active
SUP0461,Supplier 461,Plumbing,Pooja,supplier461@vendor.com,9902289536,C235,4.8,Inactive
SUP0462,Supplier 462,Lighting,Amit,supplier462@vendor.com,9211531416,C042,3.9,Active
SUP0463,Supplier 463,Hardware,Amit,supplier463@vendor.com,9794391165,C227,4.5,active
SUP0464,Supplier 464,Flooring,Pooja,supplier464@vendor.com,9661370208,C121,3.4,Inactive
SUP0465,Supplier 465,Lighting,Pooja,supplier465@vendor.com,9920604407,C215,4.2,active
SUP0466,Supplier 466,Plumbing,Amit,supplier466@vendor.com,9998934138,C103,3.8,Active
SUP0467,Supplier 467,Decor,Ravi,supplier467@vendor.com,9630293808,C186,4.2,Active
SUP0468,Supplier 468,Kitchen,Neha,supplier468@vendor.com,9198950983,C054,3.6,Inactive
SUP0469,Supplier 469,Hardware,Amit,supplier469@vendor.com,9942998426,C174,4.1,Active
SUP0470,Supplier 470,Plumbing,Pooja,supplier470@vendor.com,9688229159,C044,4.8,Active
SUP0471,Supplier 471,Furniture,Amit,supplier471@vendor.com,9248139160,C192,5,Inactive
SUP0472,Supplier 472,Furniture,Ravi,supplier472@vendor.com,9616302850,C178,3.7,active
SUP0473,Supplier 473,Furniture,Ravi,supplier473@vendor.com,9138006380,C019,4.1,active
SUP0474,Supplier 474,Plumbing,Amit,supplier474@vendor.com,9668656419,C104,3.6,active
SUP0475,Supplier 475,Wardrobe,Neha,supplier475@vendor.com,9333705876,C059,null,Active
SUP0476,Supplier 476,Electrical,Amit,supplier476@vendor.com,9744434021,C240,3.5,Inactive
SUP0477,Supplier 477,Electrical,Ravi,supplier477@vendor.com,,C083,4.6,Active
SUP0478,Supplier 478,Electrical,Pooja,supplier478@vendor.com,9102568717,C071,4.2,active
SUP0479,Supplier 479,Paint,Neha,supplier479@vendor.com,9109081127,C221,3.5,active
SUP0480, Supplier 480,Wardrobe,Amit,supplier480@vendor.com,9630767922,C085,4.1,active
SUP0481,Supplier 481,Plumbing,Amit,,9513311894,C187,3.1,active
SUP0482,Supplier 482,Decor,Ravi,supplier482@vendor.com,9744666931,C225,4.9,Active
SUP0483,Supplier 483,Paint,Ravi,supplier483@vendor.com,9905028953,C001,3.9,Inactive
SUP0484,Supplier 484,Electrical,Pooja,supplier484@vendor.com,9707749420,C105,4.5,Inactive
SUP0485,Supplier 485,Plumbing,Ravi,supplier485@vendor.com,9486290902,C060,3.3,active
SUP0486,Supplier 486,Wardrobe,Neha,supplier486@vendor.com,9149197218,C129,4.5,Active
SUP0487,Supplier 487,Hardware,Amit,supplier487@vendor.com,9664113757,C071,4,active
SUP0488,Supplier 488,Flooring,Ravi,supplier488@vendor.com,9496264493,C225,5,active
SUP0489,Supplier 489,Wardrobe,Amit,supplier489@vendor.com,9734152493,C222,4.5,active
SUP0490,Supplier 490,Kitchen,Neha,supplier490@vendor.com,9758385580,C036,3.1,Active
SUP0491,Supplier 491,Hardware,Ravi,supplier491@vendor.com,9729704246,C227,3.9,Active
SUP0492,Supplier 492,Electrical,Neha,supplier492@vendor.com,9517424564,C176,3.2,active
SUP0493,Supplier 493,Paint,Pooja,supplier493@vendor.com,9303972893,C193,3.9,Inactive
SUP0494,Supplier 494,Electrical,Pooja,supplier494@vendor.com,9589807610,C154,3.1,Inactive
SUP0495,Supplier 495,Furniture,Ravi,supplier495@vendor.com,9316629166,C154,4,active
SUP0496,Supplier 496,Paint,Neha,supplier496@vendor.com,9480490451,C095,3,active
SUP0497,Supplier 497,Plumbing,Neha,supplier497@vendor.com,9538635079,C218,4.3,Inactive
SUP0498,Supplier 498,Paint,Amit,supplier498@vendor.com,9540048347,C015,4.7,active
SUP0499,Supplier 499,Paint,Neha,supplier499@vendor.com,9571901385,C174,3.7,Inactive
SUP0500,Supplier 500,Plumbing,Ravi,supplier500@vendor.com,9947170963,C167,null,Inactive
